location,length,N50,genome,centrality
/fs/dss/home/funu8376/refGenomesSAR11/fastaOriginal/FZCC0015.fa,1364101,1364101,FZCC0015.fa,0.0
/fs/dss/home/funu8376/refGenomesSAR11/fastaOriginal/HIMB058.fa,1115049,38257,HIMB058.fa,0.0
/fs/dss/home/funu8376/refGenomesSAR11/fastaOriginal/HIMB114.fa,1237371,1237371,HIMB114.fa,0.962356
/fs/dss/home/funu8376/refGenomesSAR11/fastaOriginal/HIMB122.fa,1453515,1453515,HIMB122.fa,0.9513131428571427
/fs/dss/home/funu8376/refGenomesSAR11/fastaOriginal/HIMB123.fa,1271840,69634,HIMB123.fa,0.0
/fs/dss/home/funu8376/refGenomesSAR11/fastaOriginal/HIMB1321.fa,1320749,1320749,HIMB1321.fa,0.9535485
/fs/dss/home/funu8376/refGenomesSAR11/fastaOriginal/HIMB1402.fa,1177245,217910,HIMB1402.fa,0.0
/fs/dss/home/funu8376/refGenomesSAR11/fastaOriginal/HIMB1409.fa,1313059,178156,HIMB1409.fa,0.0
/fs/dss/home/funu8376/refGenomesSAR11/fastaOriginal/HIMB140.fa,1437930,1437930,HIMB140.fa,0.0
/fs/dss/home/funu8376/refGenomesSAR11/fastaOriginal/HIMB1412.fa,1297477,1297477,HIMB1412.fa,0.0
/fs/dss/home/funu8376/refGenomesSAR11/fastaOriginal/HIMB1413.fa,1348413,1348413,HIMB1413.fa,0.0
/fs/dss/home/funu8376/refGenomesSAR11/fastaOriginal/HIMB1420.fa,1333725,707660,HIMB1420.fa,0.0
/fs/dss/home/funu8376/refGenomesSAR11/fastaOriginal/HIMB1427.fa,1383662,108405,HIMB1427.fa,0.0
/fs/dss/home/funu8376/refGenomesSAR11/fastaOriginal/HIMB1430.fa,1449252,88786,HIMB1430.fa,0.9555311785714286
/fs/dss/home/funu8376/refGenomesSAR11/fastaOriginal/HIMB1436.fa,1208525,738334,HIMB1436.fa,0.0
/fs/dss/home/funu8376/refGenomesSAR11/fastaOriginal/HIMB1437.fa,1221307,1221307,HIMB1437.fa,0.0
/fs/dss/home/funu8376/refGenomesSAR11/fastaOriginal/HIMB1444.fa,1305448,374569,HIMB1444.fa,0.0
/fs/dss/home/funu8376/refGenomesSAR11/fastaOriginal/HIMB1456.fa,1353489,187405,HIMB1456.fa,0.0
/fs/dss/home/funu8376/refGenomesSAR11/fastaOriginal/HIMB1483.fa,1207531,1084247,HIMB1483.fa,0.0
/fs/dss/home/funu8376/refGenomesSAR11/fastaOriginal/HIMB1485.fa,1422091,961822,HIMB1485.fa,0.0
/fs/dss/home/funu8376/refGenomesSAR11/fastaOriginal/HIMB1488.fa,1537287,1537287,HIMB1488.fa,0.953989
/fs/dss/home/funu8376/refGenomesSAR11/fastaOriginal/HIMB1490.fa,1381468,84191,HIMB1490.fa,0.9547861785714284
/fs/dss/home/funu8376/refGenomesSAR11/fastaOriginal/HIMB1491.fa,1467757,1467757,HIMB1491.fa,0.9526335357142858
/fs/dss/home/funu8376/refGenomesSAR11/fastaOriginal/HIMB1493.fa,1434686,1434686,HIMB1493.fa,0.9561769285714287
/fs/dss/home/funu8376/refGenomesSAR11/fastaOriginal/HIMB1494.fa,1448273,1017910,HIMB1494.fa,0.976758
/fs/dss/home/funu8376/refGenomesSAR11/fastaOriginal/HIMB1495.fa,1448109,1424936,HIMB1495.fa,0.9763215000000001
/fs/dss/home/funu8376/refGenomesSAR11/fastaOriginal/HIMB1505.fa,1360308,1182647,HIMB1505.fa,0.96409425
/fs/dss/home/funu8376/refGenomesSAR11/fastaOriginal/HIMB1506.fa,1538266,1538266,HIMB1506.fa,0.9508505
/fs/dss/home/funu8376/refGenomesSAR11/fastaOriginal/HIMB1507.fa,1478826,1478826,HIMB1507.fa,0.9508889642857143
/fs/dss/home/funu8376/refGenomesSAR11/fastaOriginal/HIMB1509.fa,1452866,1424097,HIMB1509.fa,0.0
/fs/dss/home/funu8376/refGenomesSAR11/fastaOriginal/HIMB1513.fa,1440378,1440378,HIMB1513.fa,0.9547350357142855
/fs/dss/home/funu8376/refGenomesSAR11/fastaOriginal/HIMB1517.fa,1254225,109563,HIMB1517.fa,0.0
/fs/dss/home/funu8376/refGenomesSAR11/fastaOriginal/HIMB1518.fa,1453237,1453237,HIMB1518.fa,0.9564277499999998
/fs/dss/home/funu8376/refGenomesSAR11/fastaOriginal/HIMB1520.fa,1324447,1324447,HIMB1520.fa,0.0
/fs/dss/home/funu8376/refGenomesSAR11/fastaOriginal/HIMB1521.fa,1426620,96283,HIMB1521.fa,0.9565417142857144
/fs/dss/home/funu8376/refGenomesSAR11/fastaOriginal/HIMB1526.fa,1429322,1429322,HIMB1526.fa,0.96448775
/fs/dss/home/funu8376/refGenomesSAR11/fastaOriginal/HIMB1527.fa,1326576,736407,HIMB1527.fa,0.95235225
/fs/dss/home/funu8376/refGenomesSAR11/fastaOriginal/HIMB1542.fa,1430821,796544,HIMB1542.fa,0.9531886428571431
/fs/dss/home/funu8376/refGenomesSAR11/fastaOriginal/HIMB1549.fa,1335968,1335968,HIMB1549.fa,0.9566840000000001
/fs/dss/home/funu8376/refGenomesSAR11/fastaOriginal/HIMB1552.fa,1429048,1429048,HIMB1552.fa,0.9643602142857144
/fs/dss/home/funu8376/refGenomesSAR11/fastaOriginal/HIMB1556.fa,1464126,1464126,HIMB1556.fa,0.9644526071428573
/fs/dss/home/funu8376/refGenomesSAR11/fastaOriginal/HIMB1559.fa,1489298,1489298,HIMB1559.fa,0.9992585
/fs/dss/home/funu8376/refGenomesSAR11/fastaOriginal/HIMB1564.fa,1339865,1339865,HIMB1564.fa,0.0
/fs/dss/home/funu8376/refGenomesSAR11/fastaOriginal/HIMB1565.fa,1231642,1064769,HIMB1565.fa,0.962586
/fs/dss/home/funu8376/refGenomesSAR11/fastaOriginal/HIMB1573.fa,1445467,1445467,HIMB1573.fa,0.951873
/fs/dss/home/funu8376/refGenomesSAR11/fastaOriginal/HIMB1577.fa,1444414,1444414,HIMB1577.fa,0.9519175357142858
/fs/dss/home/funu8376/refGenomesSAR11/fastaOriginal/HIMB1587.fa,1483982,815068,HIMB1587.fa,0.999344
/fs/dss/home/funu8376/refGenomesSAR11/fastaOriginal/HIMB1593.fa,1431236,1431236,HIMB1593.fa,0.9529007857142856
/fs/dss/home/funu8376/refGenomesSAR11/fastaOriginal/HIMB1597.fa,1489004,1489004,HIMB1597.fa,0.999123
/fs/dss/home/funu8376/refGenomesSAR11/fastaOriginal/HIMB1611.fa,1453538,1453538,HIMB1611.fa,0.9549288928571429
/fs/dss/home/funu8376/refGenomesSAR11/fastaOriginal/HIMB1623.fa,1468005,278558,HIMB1623.fa,0.981622
/fs/dss/home/funu8376/refGenomesSAR11/fastaOriginal/HIMB1631.fa,1444470,1444470,HIMB1631.fa,0.9527478571428573
/fs/dss/home/funu8376/refGenomesSAR11/fastaOriginal/HIMB1636.fa,1436164,1436164,HIMB1636.fa,0.964830357142857
/fs/dss/home/funu8376/refGenomesSAR11/fastaOriginal/HIMB1641.fa,1438405,1438405,HIMB1641.fa,0.9646112142857143
/fs/dss/home/funu8376/refGenomesSAR11/fastaOriginal/HIMB1662.fa,1421355,1421355,HIMB1662.fa,0.9549878928571429
/fs/dss/home/funu8376/refGenomesSAR11/fastaOriginal/HIMB1685.fa,1455495,1455495,HIMB1685.fa,0.0
/fs/dss/home/funu8376/refGenomesSAR11/fastaOriginal/HIMB1695.fa,1421593,1185658,HIMB1695.fa,0.0
/fs/dss/home/funu8376/refGenomesSAR11/fastaOriginal/HIMB1701.fa,1485366,1485366,HIMB1701.fa,0.9503015357142858
/fs/dss/home/funu8376/refGenomesSAR11/fastaOriginal/HIMB1702.fa,1444148,1444148,HIMB1702.fa,0.9645266785714285
/fs/dss/home/funu8376/refGenomesSAR11/fastaOriginal/HIMB1709.fa,1426001,1168350,HIMB1709.fa,0.982143
/fs/dss/home/funu8376/refGenomesSAR11/fastaOriginal/HIMB1710.fa,1459696,1435827,HIMB1710.fa,0.9644448928571426
/fs/dss/home/funu8376/refGenomesSAR11/fastaOriginal/HIMB1715.fa,1308457,59426,HIMB1715.fa,0.95204
/fs/dss/home/funu8376/refGenomesSAR11/fastaOriginal/HIMB1723.fa,1475205,1475205,HIMB1723.fa,0.9528081785714285
/fs/dss/home/funu8376/refGenomesSAR11/fastaOriginal/HIMB1746.fa,1459268,271456,HIMB1746.fa,0.9485443214285715
/fs/dss/home/funu8376/refGenomesSAR11/fastaOriginal/HIMB1748.fa,1506003,861536,HIMB1748.fa,0.9646276428571428
/fs/dss/home/funu8376/refGenomesSAR11/fastaOriginal/HIMB1758.fa,1458764,1458764,HIMB1758.fa,0.9550370714285713
/fs/dss/home/funu8376/refGenomesSAR11/fastaOriginal/HIMB1765.fa,1436910,1436910,HIMB1765.fa,0.9513309642857143
/fs/dss/home/funu8376/refGenomesSAR11/fastaOriginal/HIMB1770.fa,1448694,1448694,HIMB1770.fa,0.9560684642857142
/fs/dss/home/funu8376/refGenomesSAR11/fastaOriginal/HIMB1782.fa,1436179,855577,HIMB1782.fa,0.9524205
/fs/dss/home/funu8376/refGenomesSAR11/fastaOriginal/HIMB1863.fa,1231137,78266,HIMB1863.fa,0.951218
/fs/dss/home/funu8376/refGenomesSAR11/fastaOriginal/HIMB2104.fa,1205064,249324,HIMB2104.fa,0.952508
/fs/dss/home/funu8376/refGenomesSAR11/fastaOriginal/HIMB2187.fa,1188940,898854,HIMB2187.fa,0.0
/fs/dss/home/funu8376/refGenomesSAR11/fastaOriginal/HIMB2200.fa,1211436,95189,HIMB2200.fa,0.0
/fs/dss/home/funu8376/refGenomesSAR11/fastaOriginal/HIMB2201.fa,1359742,1359742,HIMB2201.fa,0.0
/fs/dss/home/funu8376/refGenomesSAR11/fastaOriginal/HIMB2204.fa,1249462,782013,HIMB2204.fa,0.0
/fs/dss/home/funu8376/refGenomesSAR11/fastaOriginal/HIMB2211.fa,1477755,1460105,HIMB2211.fa,0.953512
/fs/dss/home/funu8376/refGenomesSAR11/fastaOriginal/HIMB2215.fa,1224130,176987,HIMB2215.fa,0.951033
/fs/dss/home/funu8376/refGenomesSAR11/fastaOriginal/HIMB2226.fa,1193257,659910,HIMB2226.fa,0.0
/fs/dss/home/funu8376/refGenomesSAR11/fastaOriginal/HIMB2250.fa,1330391,1330391,HIMB2250.fa,0.0
/fs/dss/home/funu8376/refGenomesSAR11/fastaOriginal/HIMB2305.fa,1366736,173722,HIMB2305.fa,0.0
/fs/dss/home/funu8376/refGenomesSAR11/fastaOriginal/HIMB4.fa,1382291,1382291,HIMB4.fa,0.9652864999999999
/fs/dss/home/funu8376/refGenomesSAR11/fastaOriginal/HIMB5.fa,1343202,1343202,HIMB5.fa,0.0
/fs/dss/home/funu8376/refGenomesSAR11/fastaOriginal/HIMB83.fa,1395997,1395997,HIMB83.fa,0.0
/fs/dss/home/funu8376/refGenomesSAR11/fastaOriginal/HTCC1002.fa,1328618,1324008,HTCC1002.fa,0.9776197500000001
/fs/dss/home/funu8376/refGenomesSAR11/fastaOriginal/HTCC1013.fa,1301122,741014,HTCC1013.fa,0.9782485000000001
/fs/dss/home/funu8376/refGenomesSAR11/fastaOriginal/HTCC1016.fa,1297098,794419,HTCC1016.fa,0.9758882499999999
/fs/dss/home/funu8376/refGenomesSAR11/fastaOriginal/HTCC1040.fa,1274624,1274624,HTCC1040.fa,0.97316775
/fs/dss/home/funu8376/refGenomesSAR11/fastaOriginal/HTCC1062.fa,1308759,1308759,HTCC1062.fa,0.9782985
/fs/dss/home/funu8376/refGenomesSAR11/fastaOriginal/HTCC7211.fa,1456888,1456888,HTCC7211.fa,0.949792
/fs/dss/home/funu8376/refGenomesSAR11/fastaOriginal/HTCC7214.fa,1375060,1375060,HTCC7214.fa,0.0
/fs/dss/home/funu8376/refGenomesSAR11/fastaOriginal/HTCC7217.fa,1433611,1433611,HTCC7217.fa,0.951101
/fs/dss/home/funu8376/refGenomesSAR11/fastaOriginal/HTCC8051.fa,1395018,1395018,HTCC8051.fa,0.0
/fs/dss/home/funu8376/refGenomesSAR11/fastaOriginal/HTCC9022.fa,1360964,805404,HTCC9022.fa,0.0
/fs/dss/home/funu8376/refGenomesSAR11/fastaOriginal/HTCC9565.fa,1279674,763172,HTCC9565.fa,0.0
/fs/dss/home/funu8376/refGenomesSAR11/fastaOriginal/IMCC9063.fa,1284727,1284727,IMCC9063.fa,0.0
/fs/dss/home/funu8376/refGenomesSAR11/fastaOriginal/LSUCC0530.fa,1160202,1160202,LSUCC0530.fa,0.0
/fs/dss/home/funu8376/refGenomesSAR11/fastaOriginal/NP1.fa,1365705,1365705,NP1.fa,0.0
/fs/dss/home/funu8376/refGenomesSAR11/fastaOriginal/RS39.fa,1200090,1200090,RS39.fa,0.0
/fs/dss/home/funu8376/refGenomesSAR11/fastaOriginal/RS40.fa,1378905,1378905,RS40.fa,0.0
