,RED_32_80M,IOS_57_05M,IOS_56_05M,IOS_52_75M,PON_140_05M,ANW_146_05M,PSW_128_05M,ION_41_60M,IOS_65_05M,ANE_151_05M,ION_39_25M,PSE_100_50M,ANW_141_05M,PSW_122_05M,ANE_151_80M,PON_132_05M,PSW_124_05M,IOS_52_05M,ASE_68_05M,ION_38_05M,IOS_64_65M,ION_38_25M,ION_36_17M,ASW_78_05M,RED_31_05M,ION_41_05M,ASE_68_50M,PSE_109_05M,ANE_150_05M,ANW_149_05M,IOS_64_05M,PSE_94_05M,IOS_65_30M,IOS_58_66M,RED_34_60M,ANW_148_05M,ASE_66_30M,ANE_150_40M,ASW_76_05M,RED_33_05M,ION_36_05M,RED_32_05M,PSE_102_05M,ANE_152_05M,ANW_145_05M,PSW_123_05M,PON_138_05M,PSE_109_30M,PSE_111_05M,PSE_110_05M,IOS_62_05M,PON_138_60M,ANE_004_05M,PSW_125_05M,ANW_142_05M,PON_137_05M,MED_18_05M,ASE_70_05M,PSE_100_05M,PSE_93_05M,ASW_72_100M,PSE_111_90M,ION_42_05M,RED_34_05M,ASE_66_05M,ANE_004_40M,PSE_102_40M,ION_42_80M,ION_48_05M,ION_45_05M,MED_18_60M,ASW_72_05M,PSW_128_40M,PSE_110_50M
RED_32_80M,1,0.237101076,0.245458105,0.213406814,0.148463476,0.201633964,0.131590165,0.194179915,0.225622264,0.118127942,0.171328157,0.108487623,0.166393109,0.133422315,0.119836144,0.190460153,0.133602723,0.21788627,0.154265972,0.15889759,0.229758272,0.169026183,0.145058182,0.1996516,0.498244281,0.271440573,0.151144345,0.134604999,0.13731656,0.189926486,0.228008361,0.152486248,0.227649519,0.242288767,0.273769367,0.20509848,0.175489213,0.142909138,0.201377016,0.216361366,0.148470839,0.439609667,0.111408195,0.141808143,0.181255919,0.139922704,0.148330741,0.09639516,0.124578166,0.091044287,0.239481576,0.100275695,0.128063133,0.132379774,0.245015584,0.117298721,0.146013113,0.12337039,0.12962062,0.170509164,0.189952405,0.118539676,0.265629573,0.174673899,0.185144623,0.111576957,0.108494473,0.247128996,0.222717143,0.274854129,0.142401929,0.243719047,0.126796797,0.088679459
IOS_57_05M,0.237101076,1,0.490509603,0.163667726,0.230920254,0.194083629,0.10366225,0.280454913,0.404173234,0.078463263,0.266642223,0.078885767,0.257080102,0.113111785,0.070500775,0.135662903,0.114773476,0.191603067,0.09552936,0.214939988,0.248486153,0.240509933,0.195049079,0.166964909,0.299534005,0.428954326,0.094616006,0.136196663,0.105230349,0.19398092,0.266009458,0.126559704,0.388073513,0.534404682,0.152856718,0.182054755,0.226759325,0.119093369,0.133103569,0.254350702,0.195358973,0.314140695,0.091449673,0.10483672,0.22924165,0.118158766,0.123325846,0.078909716,0.105416932,0.076302329,0.516678725,0.07287064,0.078824195,0.113042613,0.188885216,0.113323713,0.103281134,0.092082247,0.111569221,0.130372424,0.133269076,0.08781153,0.418467915,0.226669458,0.230595002,0.071190003,0.086990848,0.291685636,0.171422902,0.258607482,0.107616916,0.184972202,0.107040501,0.076987177
IOS_56_05M,0.245458105,0.490509603,1,0.230808471,0.161079449,0.22327528,0.11286984,0.224791791,0.362402493,0.08468124,0.189436291,0.077904319,0.179575505,0.116386401,0.081867859,0.172416319,0.116424549,0.268824259,0.105946911,0.156454192,0.286182127,0.179893572,0.137696099,0.213466611,0.280046869,0.409586519,0.10465946,0.137705202,0.122657295,0.198140411,0.318689676,0.121305893,0.369097153,0.449564491,0.156285976,0.209153902,0.224717917,0.136214125,0.162252409,0.176773184,0.136561517,0.284431728,0.094898186,0.096496853,0.194197675,0.114462236,0.161368293,0.096823597,0.10310486,0.091087432,0.414715173,0.079580913,0.091314067,0.116701945,0.239174472,0.124951275,0.104101611,0.104508862,0.112369492,0.128134129,0.178345992,0.090207162,0.400309286,0.156534237,0.229228258,0.076433133,0.092731312,0.281164781,0.238502268,0.34204176,0.110217831,0.25921714,0.12258216,0.085960143
IOS_52_75M,0.213406814,0.163667726,0.230808471,1,0.045772397,0.304496233,0.145980131,0.097064434,0.201458976,0.155298402,0.044421085,0.133088598,0.059953762,0.11141162,0.146325747,0.244948083,0.115130035,0.464033901,0.203135946,0.037234663,0.406475796,0.058198134,0.031206798,0.363828241,0.168256537,0.183341154,0.195932272,0.112066962,0.211513629,0.224343917,0.4450528,0.112013358,0.218072084,0.170794994,0.233039471,0.306732215,0.208703567,0.227652978,0.254912484,0.056175534,0.036338604,0.141828737,0.099032513,0.121543134,0.104374118,0.109741566,0.235456545,0.135073504,0.11305181,0.151517121,0.131680499,0.18718484,0.147361611,0.112674747,0.36276015,0.15450122,0.118128695,0.191063415,0.113826324,0.12651004,0.504111736,0.126223418,0.17583264,0.045216763,0.187975934,0.174895789,0.097535305,0.187384176,0.340446915,0.348060001,0.122899017,0.393817791,0.160552284,0.149499875
PON_140_05M,0.148463476,0.230920254,0.161079449,0.045772397,1,0.093101344,0.12766045,0.318286626,0.17050664,0.111414812,0.527066724,0.118951299,0.5169252,0.142973075,0.111377322,0.114431314,0.139721778,0.071180469,0.104523016,0.534739237,0.087785098,0.437040386,0.568749884,0.073044868,0.19467707,0.192756443,0.110568396,0.263100759,0.104140613,0.147497216,0.075287542,0.167029665,0.160936045,0.209944876,0.133648792,0.08852239,0.159848619,0.101000559,0.108226358,0.469646588,0.56817764,0.235645453,0.219126019,0.152903713,0.285574209,0.140281427,0.09717615,0.155723139,0.140913779,0.120594679,0.254507167,0.112347068,0.119017106,0.141700165,0.080685663,0.17155671,0.146883614,0.112141498,0.150181421,0.180505647,0.049922396,0.124510401,0.197425904,0.519321448,0.153953067,0.107558727,0.188637868,0.187870266,0.090761622,0.094169915,0.15242847,0.077315383,0.116965437,0.115668672
ANW_146_05M,0.201633964,0.194083629,0.22327528,0.304496233,0.093101344,1,0.113850991,0.185318374,0.26054917,0.182963869,0.098953593,0.112163,0.109999625,0.100582194,0.1699843,0.167871693,0.094089602,0.260080606,0.213459898,0.094584752,0.296361181,0.129399301,0.086866704,0.300488915,0.172755155,0.209011677,0.204983942,0.12485472,0.279346034,0.377594755,0.339295706,0.098032471,0.254665321,0.199739217,0.267199039,0.533235968,0.251956231,0.300039707,0.187425573,0.097732125,0.093376992,0.158451676,0.097333058,0.129536752,0.217754169,0.096102867,0.165107348,0.106107956,0.089693467,0.106988707,0.171037793,0.156260992,0.155085913,0.092135915,0.418687927,0.146292817,0.129081074,0.1548389,0.094489429,0.120101611,0.298059208,0.114070617,0.211691753,0.085227319,0.267935238,0.179840898,0.102108252,0.254622115,0.196141285,0.234620695,0.127685339,0.27620204,0.116936034,0.113514207
PSW_128_05M,0.131590165,0.10366225,0.11286984,0.145980131,0.12766045,0.113850991,1,0.114575155,0.100381286,0.094103056,0.11872064,0.223576306,0.133859466,0.540427692,0.099025298,0.144383731,0.565614223,0.158306662,0.119383082,0.112804184,0.125636756,0.111217034,0.116372463,0.121558144,0.121248666,0.104440795,0.120078833,0.142073648,0.098744099,0.103296534,0.116946192,0.181107346,0.106119114,0.102138209,0.131310599,0.113313833,0.103707884,0.098735888,0.153255568,0.127418552,0.117387899,0.115809346,0.128751392,0.117352694,0.099469854,0.52936692,0.379115003,0.217894469,0.445457066,0.300618599,0.112564634,0.181259117,0.093367019,0.538108458,0.123070637,0.159619769,0.113907325,0.162479276,0.414172045,0.113602948,0.144515575,0.284108448,0.106593241,0.127414555,0.106388232,0.108527748,0.121532911,0.108675153,0.138460359,0.124076146,0.116813259,0.128921399,0.752934487,0.319887467
ION_41_60M,0.194179915,0.280454913,0.224791791,0.097064434,0.318286626,0.185318374,0.114575155,1,0.298750447,0.129339906,0.422952257,0.089262344,0.258358355,0.11845654,0.126456905,0.093421488,0.114018562,0.114317674,0.127836277,0.372402848,0.146550043,0.457988925,0.347460435,0.12824734,0.236327523,0.311469637,0.130626102,0.20133008,0.16511673,0.276055278,0.167981614,0.120585312,0.29148861,0.301650722,0.200493099,0.176675064,0.274767492,0.165173636,0.096964033,0.294386291,0.343305367,0.269363325,0.141638323,0.115915604,0.336321796,0.118727301,0.095459194,0.11395644,0.11467589,0.103699711,0.314828986,0.10794314,0.121217926,0.11685576,0.133910924,0.160172354,0.11564741,0.102934799,0.115250777,0.124798745,0.084296006,0.100313822,0.291391244,0.282036215,0.282516745,0.117674853,0.125227617,0.372975197,0.08366005,0.126366024,0.123112748,0.116071468,0.111531124,0.099849372
IOS_65_05M,0.225622264,0.404173234,0.362402493,0.201458976,0.17050664,0.26054917,0.100381286,0.298750447,1,0.113732921,0.219126833,0.072945896,0.179497428,0.096625431,0.102797132,0.109495522,0.10104559,0.200157366,0.131674151,0.179374207,0.282798166,0.232607709,0.16242897,0.204807007,0.277602778,0.348312366,0.128820017,0.156621041,0.163965648,0.277882485,0.330145249,0.105986147,0.452352802,0.448351698,0.190697517,0.231046344,0.31801333,0.174206173,0.117002137,0.188729303,0.164809485,0.290412923,0.107922817,0.091723313,0.240484641,0.099305514,0.115351723,0.105426017,0.094125142,0.093921964,0.396458164,0.097948983,0.10102116,0.101177585,0.21836834,0.14851613,0.091255196,0.100320626,0.099341652,0.110782747,0.153660031,0.080634772,0.361333385,0.166962601,0.355790268,0.10332068,0.101895188,0.395849256,0.126410519,0.207829982,0.09420564,0.186878784,0.103914841,0.091851716
ANE_151_05M,0.118127942,0.078463263,0.08468124,0.155298402,0.111414812,0.182963869,0.094103056,0.129339906,0.113732921,1,0.096242793,0.169152116,0.108887829,0.081787185,0.825558414,0.151173692,0.079706405,0.132247106,0.330211374,0.109940626,0.136682434,0.120090317,0.113824167,0.202358403,0.09550756,0.079472926,0.325941003,0.170088444,0.521008148,0.236190701,0.135685194,0.149384051,0.110349603,0.08724342,0.184120136,0.202140309,0.203560317,0.484179507,0.147615972,0.095810751,0.111397334,0.092536247,0.188955097,0.286031382,0.205984921,0.087946092,0.122590487,0.160947438,0.093871819,0.154099489,0.087131554,0.270594802,0.544892874,0.079806566,0.133787079,0.192265177,0.27521688,0.244039276,0.099009315,0.145635789,0.185154878,0.139136695,0.083177382,0.101761333,0.204369341,0.573287667,0.219998607,0.125986831,0.101572734,0.089404549,0.258898181,0.124650542,0.091556543,0.157299592
ION_39_25M,0.171328157,0.266642223,0.189436291,0.044421085,0.527066724,0.098953593,0.11872064,0.422952257,0.219126833,0.096242793,1,0.0980869,0.471280806,0.13493277,0.097194526,0.104286031,0.134760724,0.067290343,0.103741292,0.557863018,0.095143564,0.528786141,0.571259325,0.075338004,0.226823779,0.260682793,0.103916574,0.208872369,0.099041171,0.15954541,0.081963102,0.15148575,0.193716944,0.256862229,0.139639125,0.092882625,0.178075639,0.103092359,0.100424519,0.488477115,0.548860321,0.27186495,0.158955978,0.138253776,0.283675514,0.137277478,0.080940059,0.119602427,0.126712541,0.095951626,0.309672795,0.091047304,0.108318495,0.136935904,0.086039246,0.133956673,0.13572226,0.092335277,0.137415215,0.162903448,0.04561627,0.107389295,0.254308962,0.504817275,0.172164435,0.09078701,0.141359583,0.24160592,0.084063388,0.102532187,0.142515561,0.071005129,0.11062004,0.091723452
PSE_100_50M,0.108487623,0.078885767,0.077904319,0.133088598,0.118951299,0.112163,0.223576306,0.089262344,0.072945896,0.169152116,0.0980869,1,0.129466817,0.185178988,0.192025584,0.155049308,0.18137368,0.119986504,0.191778143,0.104328075,0.099874722,0.097307784,0.10688051,0.127170125,0.092220542,0.070269469,0.188457838,0.183066338,0.126142571,0.101287793,0.087290225,0.302756111,0.081159521,0.073107174,0.159404158,0.116131868,0.110721351,0.134296604,0.159800282,0.112261299,0.10771132,0.090962733,0.239064515,0.248758301,0.106032624,0.186037931,0.228564717,0.338580445,0.372804141,0.426330944,0.071370937,0.435979709,0.154552022,0.175981171,0.108315571,0.228926583,0.177888134,0.304078515,0.330368579,0.208222559,0.172732738,0.725122912,0.067981128,0.12046336,0.100799921,0.214735431,0.271131427,0.077663266,0.129189024,0.090123551,0.170407666,0.114370572,0.234791569,0.471210131
ANW_141_05M,0.166393109,0.257080102,0.179575505,0.059953762,0.5169252,0.109999625,0.133859466,0.258358355,0.179497428,0.108887829,0.471280806,0.129466817,1,0.157685228,0.106504942,0.151100949,0.1550462,0.073033473,0.113342444,0.402379773,0.106960421,0.328179597,0.433293214,0.09017908,0.217217433,0.19397436,0.115317829,0.16415522,0.094590471,0.131641657,0.086388504,0.182826233,0.158076382,0.219619852,0.140283862,0.100990754,0.143163929,0.097322386,0.146414618,0.569862225,0.411430129,0.248513073,0.157532282,0.172951027,0.264037307,0.160435326,0.107188722,0.108873523,0.148321422,0.093461639,0.270380899,0.110466558,0.121988641,0.161334053,0.111719499,0.113763447,0.172562228,0.111595126,0.16071258,0.207565669,0.068239535,0.135838361,0.202825567,0.610307557,0.134697473,0.105994314,0.140378374,0.166620241,0.119419844,0.112606634,0.180055366,0.086957501,0.130884932,0.09635151
PSW_122_05M,0.133422315,0.113111785,0.116386401,0.11141162,0.142973075,0.100582194,0.540427692,0.11845654,0.096625431,0.081787185,0.13493277,0.185178988,0.157685228,1,0.086899396,0.159035845,0.835045384,0.13604762,0.108874933,0.133379001,0.113094598,0.125178996,0.138543689,0.103856432,0.125512687,0.11429384,0.11506507,0.107842224,0.079528776,0.093156637,0.0984191,0.190771154,0.099603378,0.105424311,0.123025946,0.102996007,0.096028098,0.084262499,0.165830484,0.147202846,0.134976807,0.121695973,0.104869737,0.129864223,0.107531995,0.793066796,0.287745082,0.13020371,0.441864684,0.17323118,0.120759766,0.120502816,0.093118621,0.864507703,0.117946677,0.103320025,0.119648113,0.124183773,0.390207848,0.141354139,0.121177059,0.249858175,0.118858183,0.155464201,0.093502482,0.092969409,0.100045504,0.108918985,0.150336452,0.128687647,0.128502616,0.121343703,0.525286917,0.178293645
ANE_151_80M,0.119836144,0.070500775,0.081867859,0.146325747,0.111377322,0.1699843,0.099025298,0.126456905,0.102797132,0.825558414,0.097194526,0.192025584,0.106504942,0.086899396,1,0.139364298,0.082331604,0.12704816,0.324056025,0.112655116,0.128201046,0.119474846,0.11263573,0.198445305,0.087349776,0.076997932,0.316906146,0.175871584,0.477357055,0.22482498,0.121073036,0.149671129,0.106180791,0.086185501,0.183194946,0.188439347,0.196497021,0.449905197,0.142079891,0.099656609,0.113869946,0.094504185,0.1942221,0.306345287,0.204849536,0.086940306,0.125848113,0.174418929,0.103147088,0.166800136,0.083359717,0.293999624,0.521242503,0.084305088,0.12696735,0.199296369,0.286003971,0.250239852,0.109655272,0.147050802,0.186847564,0.165883141,0.078818365,0.106446941,0.198587653,0.593170889,0.228143498,0.117042656,0.097653075,0.08003945,0.263330664,0.116439673,0.093556397,0.169535374
PON_132_05M,0.190460153,0.135662903,0.172416319,0.244948083,0.114431314,0.167871693,0.144383731,0.093421488,0.109495522,0.151173692,0.104286031,0.155049308,0.151100949,0.159035845,0.139364298,1,0.154517474,0.242251053,0.192848426,0.098388181,0.205200213,0.090486564,0.107107742,0.263560318,0.156724336,0.13886077,0.205931524,0.099903861,0.137607448,0.107661951,0.198132877,0.227868497,0.115356738,0.11685736,0.166811605,0.177602273,0.11748389,0.144474849,0.470780824,0.125632765,0.103386056,0.138471505,0.122792857,0.222314312,0.115770463,0.154410458,0.217115161,0.09687222,0.150326342,0.105385075,0.112028436,0.136016315,0.191630338,0.153688009,0.27942339,0.098344557,0.218378747,0.188095169,0.16661612,0.227392055,0.280915583,0.151422216,0.142202451,0.131663845,0.104545563,0.143150148,0.131152149,0.096607177,0.525616167,0.353743604,0.220729318,0.30913428,0.143158354,0.109774046
PSW_124_05M,0.133602723,0.114773476,0.116424549,0.115130035,0.139721778,0.094089602,0.565614223,0.114018562,0.10104559,0.079706405,0.134760724,0.18137368,0.1550462,0.835045384,0.082331604,0.154517474,1,0.127657167,0.097761492,0.129514614,0.109535752,0.119668502,0.136716794,0.103495887,0.131030695,0.111574614,0.102776639,0.110488121,0.079842304,0.092928327,0.100260524,0.178924143,0.100710949,0.110246697,0.119645419,0.097043938,0.096033144,0.079734778,0.157286359,0.148834366,0.133356863,0.126751959,0.10971348,0.117389626,0.108134527,0.807489832,0.280443716,0.144217483,0.466794176,0.187823797,0.120902233,0.119228335,0.089678953,0.944736932,0.116046213,0.104748031,0.110167866,0.119387581,0.387828533,0.129235859,0.115009251,0.24138781,0.118590274,0.149567157,0.094192849,0.086287884,0.106477414,0.110241949,0.139658909,0.125510571,0.117792437,0.113184275,0.552587306,0.201945445
IOS_52_05M,0.21788627,0.191603067,0.268824259,0.464033901,0.071180469,0.260080606,0.158306662,0.114317674,0.200157366,0.132247106,0.067290343,0.119986504,0.073033473,0.13604762,0.12704816,0.242251053,0.127657167,1,0.170509066,0.062320991,0.330172495,0.0808848,0.057151239,0.307035843,0.182180023,0.226134252,0.169492859,0.156090989,0.182361489,0.18881808,0.372322094,0.123560354,0.212706941,0.185048233,0.190967357,0.253522068,0.191390553,0.190548648,0.23576275,0.070814924,0.059040478,0.147887292,0.124444684,0.109033898,0.118780581,0.136903366,0.301590747,0.158422917,0.11488313,0.160098829,0.15705823,0.153703763,0.138513166,0.120782581,0.312178716,0.195444964,0.115665354,0.18208683,0.124104027,0.125499141,0.337639282,0.123883977,0.226829205,0.056488861,0.190593571,0.138829758,0.128219778,0.183481036,0.391882164,0.417680023,0.122962075,0.389720574,0.177744058,0.152948064
ASE_68_05M,0.154265972,0.09552936,0.105946911,0.203135946,0.104523016,0.213459898,0.119383082,0.127836277,0.131674151,0.330211374,0.103741292,0.191778143,0.113342444,0.108874933,0.324056025,0.192848426,0.097761492,0.170509066,1,0.102902548,0.176794452,0.105020174,0.096539625,0.213080254,0.112786085,0.103130075,0.454501576,0.127593798,0.312299353,0.206244129,0.15939097,0.186829368,0.138164703,0.101608177,0.230687015,0.216012752,0.227104298,0.311152966,0.193762138,0.107229692,0.097244281,0.108459815,0.127576605,0.307426467,0.173898761,0.107966685,0.154903219,0.121984153,0.110444923,0.125375216,0.098654517,0.251857439,0.374152959,0.100743744,0.167378312,0.139474284,0.294625817,0.238344359,0.122356053,0.184819201,0.255710852,0.17833982,0.107875661,0.108934572,0.214337159,0.384570748,0.154315042,0.143079727,0.149779643,0.121480458,0.273912378,0.167110153,0.111886988,0.136981403
ION_38_05M,0.15889759,0.214939988,0.156454192,0.037234663,0.534739237,0.094584752,0.112804184,0.372402848,0.179374207,0.109940626,0.557863018,0.104328075,0.402379773,0.133379001,0.112655116,0.098388181,0.129514614,0.062320991,0.102902548,1,0.079858995,0.600476772,0.766026621,0.075546174,0.199758517,0.213735452,0.108888899,0.247079163,0.105647736,0.165169672,0.072214548,0.152388396,0.168835626,0.213139317,0.13432523,0.092932704,0.173436811,0.106576241,0.099597372,0.416852549,0.748469589,0.244590251,0.194061392,0.140837785,0.29552667,0.134615118,0.080473859,0.135006716,0.128827311,0.107449407,0.258468412,0.098992929,0.119912013,0.134412221,0.079575987,0.15592047,0.140547623,0.100699102,0.13611492,0.166196238,0.041489487,0.114977507,0.203457563,0.471623837,0.169578274,0.100245942,0.172542287,0.212446514,0.07591886,0.093296412,0.137686433,0.073623921,0.108521385,0.104577562
IOS_64_65M,0.229758272,0.248486153,0.286182127,0.406475796,0.087785098,0.296361181,0.125636756,0.146550043,0.282798166,0.136682434,0.095143564,0.099874722,0.106960421,0.113094598,0.128201046,0.205200213,0.109535752,0.330172495,0.176794452,0.079858995,1,0.103978547,0.07448943,0.319291735,0.214567235,0.241138787,0.176646644,0.114973079,0.188412975,0.22737321,0.450695419,0.120909722,0.291068624,0.24092133,0.217143154,0.302035707,0.220873293,0.198476706,0.215698314,0.102415928,0.076082691,0.191204463,0.097098596,0.112239743,0.150747583,0.109435113,0.178212004,0.100728621,0.105041637,0.109862982,0.219703747,0.133938214,0.122828825,0.112472011,0.327436048,0.13322571,0.125908558,0.139466526,0.113613204,0.12816534,0.310567881,0.104378412,0.238225095,0.087382451,0.233036492,0.143809587,0.106952324,0.243979586,0.279464523,0.331507123,0.122556179,0.326612659,0.13549206,0.114400962
ION_38_25M,0.169026183,0.240509933,0.179893572,0.058198134,0.437040386,0.129399301,0.111217034,0.457988925,0.232607709,0.120090317,0.528786141,0.097307784,0.328179597,0.125178996,0.119474846,0.090486564,0.119668502,0.0808848,0.105020174,0.600476772,0.103978547,1,0.572807781,0.090524106,0.217823495,0.263665448,0.11219172,0.242105473,0.133102549,0.207101612,0.104875583,0.137466724,0.221081735,0.250202351,0.158567161,0.131095992,0.215678339,0.135831878,0.090268796,0.36936306,0.578231978,0.260926702,0.176217386,0.125183011,0.323257705,0.120635111,0.082154119,0.13533951,0.117929104,0.111087846,0.280926994,0.103544192,0.119793681,0.123135423,0.101331491,0.16911499,0.121548053,0.100900791,0.124322101,0.14450543,0.050175195,0.108983247,0.237715328,0.383587764,0.225997428,0.111602351,0.158547344,0.287346311,0.075362035,0.101116047,0.127044941,0.083073981,0.101580651,0.10213217
ION_36_17M,0.145058182,0.195049079,0.137696099,0.031206798,0.568749884,0.086866704,0.116372463,0.347460435,0.16242897,0.113824167,0.571259325,0.10688051,0.433293214,0.138543689,0.11263573,0.107107742,0.136716794,0.057151239,0.096539625,0.766026621,0.07448943,0.572807781,1,0.06623438,0.189722861,0.194784071,0.10366086,0.251654123,0.103085987,0.14943084,0.061685816,0.157233908,0.144323147,0.18542252,0.120939435,0.079870585,0.159541284,0.103259335,0.100458002,0.442975363,0.86029272,0.232477112,0.208337953,0.145957674,0.284088853,0.140364349,0.086702654,0.136684576,0.136982274,0.110094082,0.234052859,0.103279079,0.118597105,0.139267443,0.073053702,0.154954742,0.145301925,0.097728918,0.144616602,0.174629894,0.035823563,0.117681947,0.181989347,0.512822987,0.152081722,0.103845911,0.18226266,0.192284386,0.075021987,0.083092737,0.146724482,0.06615065,0.110174514,0.10470476
ASW_78_05M,0.1996516,0.166964909,0.213466611,0.363828241,0.073044868,0.300488915,0.121558144,0.12824734,0.204807007,0.202358403,0.075338004,0.127170125,0.09017908,0.103856432,0.198445305,0.263560318,0.103495887,0.307035843,0.213080254,0.075546174,0.319291735,0.090524106,0.06623438,1,0.169841063,0.181059612,0.213596697,0.127361649,0.268177492,0.258289027,0.343144352,0.12395757,0.218714914,0.169524488,0.206595549,0.304623735,0.225577096,0.277001088,0.273260709,0.078822427,0.070338615,0.156408472,0.118655551,0.140027309,0.164854588,0.10125366,0.184203515,0.130946891,0.113910795,0.127771153,0.141718935,0.167701946,0.182124655,0.10418736,0.326307232,0.153621124,0.149460739,0.18912928,0.106896962,0.132053989,0.360855614,0.113490382,0.177079476,0.071952641,0.228549427,0.210335624,0.132317189,0.183509113,0.268961448,0.289411543,0.145913918,0.347651043,0.124486317,0.130451015
RED_31_05M,0.498244281,0.299534005,0.280046869,0.168256537,0.19467707,0.172755155,0.121248666,0.236327523,0.277602778,0.09550756,0.226823779,0.092220542,0.217217433,0.125512687,0.087349776,0.156724336,0.131030695,0.182180023,0.112786085,0.199758517,0.214567235,0.217823495,0.189722861,0.169841063,1,0.326268676,0.126190294,0.144445237,0.112277444,0.181809051,0.217853781,0.142988502,0.255949507,0.303105738,0.234827297,0.172343703,0.193745032,0.116270275,0.161912992,0.31390993,0.190894738,0.652048694,0.111804615,0.121462487,0.202321622,0.12817032,0.121959192,0.093234669,0.116572829,0.085012238,0.317348064,0.07870549,0.102614784,0.125746111,0.203865072,0.116712068,0.124979196,0.099263822,0.121628618,0.155371908,0.143957174,0.100000277,0.332017735,0.253690803,0.195290965,0.09086004,0.100071105,0.279601833,0.193298792,0.251288877,0.128017034,0.201380872,0.115600169,0.081974994
ION_41_05M,0.271440573,0.428954326,0.409586519,0.183341154,0.192756443,0.209011677,0.104440795,0.311469637,0.348312366,0.079472926,0.260682793,0.070269469,0.19397436,0.11429384,0.076997932,0.13886077,0.111574614,0.226134252,0.103130075,0.213735452,0.241138787,0.263665448,0.194784071,0.181059612,0.326268676,1,0.10725987,0.138507604,0.11464664,0.202384948,0.279905807,0.123414964,0.358475849,0.410591432,0.164259335,0.197025473,0.222427596,0.128829946,0.142146685,0.206851232,0.194120743,0.320238795,0.089046726,0.103469913,0.22417894,0.114365623,0.136036192,0.077777103,0.098527109,0.072807741,0.408853781,0.065247907,0.085470669,0.108966542,0.219534116,0.113614503,0.103231891,0.094925383,0.104361749,0.133854686,0.134853069,0.082254227,0.54139907,0.177819454,0.222251561,0.069780081,0.083182786,0.3570187,0.203874712,0.317732229,0.110420118,0.224446056,0.103777988,0.06755779
ASE_68_50M,0.151144345,0.094616006,0.10465946,0.195932272,0.110568396,0.204983942,0.120078833,0.130626102,0.128820017,0.325941003,0.103916574,0.188457838,0.115317829,0.11506507,0.316906146,0.205931524,0.102776639,0.169492859,0.454501576,0.108888899,0.176646644,0.11219172,0.10366086,0.213596697,0.126190294,0.10725987,1,0.122435248,0.314894224,0.195645437,0.153203046,0.197742093,0.136043535,0.098993537,0.230668566,0.210792145,0.208988238,0.305118621,0.198734624,0.112365991,0.107975114,0.118554193,0.139202726,0.274038704,0.176270709,0.116274386,0.158512368,0.120609946,0.116132503,0.119324564,0.101308347,0.235361864,0.355270565,0.107088059,0.156675357,0.13859751,0.282507479,0.22727508,0.12241374,0.193633444,0.236327237,0.165597873,0.112895619,0.11395691,0.207836725,0.350743138,0.158610685,0.141259852,0.161892635,0.129928221,0.268279537,0.171890613,0.118359465,0.133847015
PSE_109_05M,0.134604999,0.136196663,0.137705202,0.112066962,0.263100759,0.12485472,0.142073648,0.20133008,0.156621041,0.170088444,0.208872369,0.183066338,0.16415522,0.107842224,0.175871584,0.099903861,0.110488121,0.156090989,0.127593798,0.247079163,0.114973079,0.242105473,0.251654123,0.127361649,0.144445237,0.138507604,0.122435248,1,0.166817359,0.184621208,0.117825961,0.140079519,0.150669054,0.151308124,0.135668373,0.11870981,0.184340778,0.161790066,0.099678307,0.167101802,0.25321836,0.146218301,0.613308082,0.116323323,0.191686469,0.11345323,0.176882592,0.557454336,0.138621004,0.373056861,0.141073755,0.23102273,0.154227398,0.105682953,0.097921024,0.653167184,0.119423065,0.242775581,0.140641159,0.137465116,0.099482973,0.151821682,0.126914127,0.173250492,0.195368351,0.161063818,0.495702147,0.168440159,0.090248617,0.106733446,0.12382671,0.105604159,0.148727339,0.326234682
ANE_150_05M,0.13731656,0.105230349,0.122657295,0.211513629,0.104140613,0.279346034,0.098744099,0.16511673,0.163965648,0.521008148,0.099041171,0.126142571,0.094590471,0.079528776,0.477357055,0.137607448,0.079842304,0.182361489,0.312299353,0.105647736,0.188412975,0.133102549,0.103085987,0.268177492,0.112277444,0.11464664,0.314894224,0.166817359,1,0.376733262,0.201785757,0.1213991,0.171532992,0.123837497,0.219486613,0.2988826,0.271830619,0.59892367,0.137519524,0.089527385,0.107704619,0.111331935,0.157483785,0.195025459,0.247648692,0.086127745,0.130019043,0.149456377,0.087060354,0.140258983,0.1146351,0.233703175,0.385387041,0.078179619,0.188900799,0.203668305,0.199690419,0.201893724,0.091531068,0.117449377,0.224012107,0.109899416,0.115405167,0.083982231,0.286049821,0.450040623,0.177264194,0.188173481,0.105824453,0.114934289,0.182022563,0.162729821,0.095154134,0.145829487
ANW_149_05M,0.189926486,0.19398092,0.198140411,0.224343917,0.147497216,0.377594755,0.103296534,0.276055278,0.277882485,0.236190701,0.15954541,0.101287793,0.131641657,0.093156637,0.22482498,0.107661951,0.092928327,0.18881808,0.206244129,0.165169672,0.22737321,0.207101612,0.14943084,0.258289027,0.181809051,0.202384948,0.195645437,0.184621208,0.376733262,1,0.269575549,0.096733301,0.279462432,0.21660682,0.24651604,0.372960146,0.319854978,0.369437181,0.124027401,0.130173496,0.156206762,0.17612516,0.136956729,0.124489258,0.300331841,0.094940747,0.119996283,0.132776778,0.085908471,0.124356709,0.192181831,0.165346252,0.186703804,0.088738015,0.243353979,0.197460367,0.12218856,0.153176956,0.093198816,0.108707339,0.220736283,0.103963004,0.201646666,0.118174135,0.337117128,0.222362768,0.133087892,0.299767602,0.110646733,0.150202588,0.123051623,0.189437592,0.101798645,0.125331271
IOS_64_05M,0.228008361,0.266009458,0.318689676,0.4450528,0.075287542,0.339295706,0.116946192,0.167981614,0.330145249,0.135685194,0.081963102,0.087290225,0.086388504,0.0984191,0.121073036,0.198132877,0.100260524,0.372322094,0.15939097,0.072214548,0.450695419,0.104875583,0.061685816,0.343144352,0.217853781,0.279905807,0.153203046,0.117825961,0.201785757,0.269575549,1,0.094303403,0.339098588,0.27879686,0.228689766,0.319215032,0.25771474,0.21829589,0.200768801,0.082432046,0.066898781,0.192801268,0.085710896,0.093461968,0.156012675,0.102575825,0.177326858,0.104350132,0.088456151,0.111079304,0.229034723,0.124542938,0.117227787,0.098990929,0.361711468,0.140878796,0.095189946,0.133236323,0.095289574,0.103324155,0.32272728,0.085805593,0.266741906,0.068430634,0.262894091,0.129517824,0.091424799,0.282753278,0.270111549,0.357757248,0.096720753,0.359198231,0.128718946,0.107953517
PSE_94_05M,0.152486248,0.126559704,0.121305893,0.112013358,0.167029665,0.098032471,0.181107346,0.120585312,0.105986147,0.149384051,0.15148575,0.302756111,0.182826233,0.190771154,0.149671129,0.227868497,0.178924143,0.123560354,0.186829368,0.152388396,0.120909722,0.137466724,0.157233908,0.12395757,0.142988502,0.123414964,0.197742093,0.140079519,0.1213991,0.096733301,0.094303403,1,0.104949345,0.117113448,0.148819832,0.113092097,0.11688017,0.112413108,0.194202035,0.169153371,0.16021964,0.138961022,0.174487878,0.282108878,0.13597619,0.199613263,0.199909947,0.172206307,0.262846385,0.189338903,0.127162864,0.178108558,0.246500273,0.185324275,0.118633804,0.127591905,0.301787361,0.209141374,0.264872152,0.250035189,0.131757587,0.316540561,0.121691367,0.174504303,0.106859212,0.143591212,0.176240143,0.104777577,0.171592173,0.133350942,0.301811192,0.130579669,0.175605405,0.195523979
IOS_65_30M,0.227649519,0.388073513,0.369097153,0.218072084,0.160936045,0.254665321,0.106119114,0.29148861,0.452352802,0.110349603,0.193716944,0.081159521,0.158076382,0.099603378,0.106180791,0.115356738,0.100710949,0.212706941,0.138164703,0.168835626,0.291068624,0.221081735,0.144323147,0.218714914,0.255949507,0.358475849,0.136043535,0.150669054,0.171532992,0.279462432,0.339098588,0.104949345,1,0.435952645,0.201967354,0.235598113,0.31702828,0.175638338,0.126078627,0.170806245,0.153421828,0.272220288,0.098649036,0.096162346,0.230846915,0.101191622,0.120075842,0.102270044,0.097658333,0.096749727,0.384866295,0.100108089,0.107954269,0.10323992,0.220473689,0.142840154,0.096965871,0.104949655,0.096764157,0.113014887,0.169727593,0.086753582,0.346086947,0.145900768,0.33254884,0.112028752,0.099232902,0.380677421,0.140014902,0.219640323,0.09924861,0.196667062,0.107768457,0.094299411
IOS_58_66M,0.242288767,0.534404682,0.449564491,0.170794994,0.209944876,0.199739217,0.102138209,0.301650722,0.448351698,0.08724342,0.256862229,0.073107174,0.219619852,0.105424311,0.086185501,0.11685736,0.110246697,0.185048233,0.101608177,0.213139317,0.24092133,0.250202351,0.18542252,0.169524488,0.303105738,0.410591432,0.098993537,0.151308124,0.123837497,0.21660682,0.27879686,0.117113448,0.435952645,1,0.166610101,0.188034496,0.258905682,0.130696787,0.120426503,0.23371874,0.186370999,0.326402551,0.101690569,0.094886301,0.239557301,0.109018686,0.113965713,0.0862126,0.096229927,0.083389978,0.507923662,0.076702848,0.090219147,0.110076565,0.197818919,0.123193915,0.101200746,0.090221573,0.101963276,0.121874125,0.126826565,0.082423751,0.393496512,0.202405114,0.275530783,0.081396917,0.093851676,0.34661374,0.14345502,0.236622252,0.098636207,0.179753411,0.105617082,0.07918999
RED_34_60M,0.273769367,0.152856718,0.156285976,0.233039471,0.133648792,0.267199039,0.131310599,0.200493099,0.190697517,0.184120136,0.139639125,0.159404158,0.140283862,0.123025946,0.183194946,0.166811605,0.119645419,0.190967357,0.230687015,0.13432523,0.217143154,0.158567161,0.120939435,0.206595549,0.234827297,0.164259335,0.230668566,0.135668373,0.219486613,0.24651604,0.228689766,0.148819832,0.201967354,0.166610101,1,0.265667994,0.222726861,0.215303049,0.186245084,0.164939916,0.12897334,0.228931212,0.123436898,0.17815714,0.184010006,0.123122922,0.150752719,0.114417975,0.122929628,0.117758285,0.162607699,0.236211409,0.168899019,0.12134902,0.21989599,0.137086526,0.170201776,0.180277299,0.128835485,0.173125287,0.259608981,0.161425285,0.172117108,0.147980119,0.211064499,0.203182173,0.13426527,0.22519381,0.168849531,0.176342268,0.16902487,0.184986254,0.129898211,0.128209468
ANW_148_05M,0.20509848,0.182054755,0.209153902,0.306732215,0.08852239,0.533235968,0.113313833,0.176675064,0.231046344,0.202140309,0.092882625,0.116131868,0.100990754,0.102996007,0.188439347,0.177602273,0.097043938,0.253522068,0.216012752,0.092932704,0.302035707,0.131095992,0.079870585,0.304623735,0.172343703,0.197025473,0.210792145,0.11870981,0.2988826,0.372960146,0.319215032,0.113092097,0.235598113,0.188034496,0.265667994,1,0.241698668,0.316144948,0.191008725,0.093328884,0.084823469,0.159757631,0.095122571,0.136810181,0.212099251,0.100384043,0.160051371,0.100076297,0.094826214,0.101930555,0.162178081,0.163493734,0.168387179,0.096651795,0.419733861,0.132335739,0.140093467,0.154606687,0.102657117,0.123274204,0.308750787,0.116860555,0.209798252,0.08215492,0.253127226,0.196481612,0.103780532,0.231124096,0.200217151,0.225756306,0.136942317,0.272800861,0.117935076,0.11291324
ASE_66_30M,0.175489213,0.226759325,0.224717917,0.208703567,0.159848619,0.251956231,0.103707884,0.274767492,0.31801333,0.203560317,0.178075639,0.110721351,0.143163929,0.096028098,0.196497021,0.11748389,0.096033144,0.191390553,0.227104298,0.173436811,0.220873293,0.215678339,0.159541284,0.225577096,0.193745032,0.222427596,0.208988238,0.184340778,0.271830619,0.319854978,0.25771474,0.11688017,0.31702828,0.258905682,0.222726861,0.241698668,1,0.272891592,0.123781452,0.150857772,0.165889065,0.192638545,0.144195742,0.130838112,0.271054422,0.096252261,0.12633406,0.141415611,0.094906525,0.130985497,0.236993914,0.15232431,0.182284916,0.096452952,0.180220506,0.186588046,0.134088092,0.156511497,0.096497478,0.127597638,0.173646236,0.103475193,0.220251915,0.139321488,0.448747991,0.206973264,0.14651863,0.302947413,0.118542749,0.147864742,0.127227897,0.177065179,0.103009552,0.127272445
ANE_150_40M,0.142909138,0.119093369,0.136214125,0.227652978,0.101000559,0.300039707,0.098735888,0.165173636,0.174206173,0.484179507,0.103092359,0.134296604,0.097322386,0.084262499,0.449905197,0.144474849,0.079734778,0.190548648,0.311152966,0.106576241,0.198476706,0.135831878,0.103259335,0.277001088,0.116270275,0.128829946,0.305118621,0.161790066,0.59892367,0.369437181,0.21829589,0.112413108,0.175638338,0.130696787,0.215303049,0.316144948,0.272891592,1,0.145323899,0.098988508,0.101442069,0.118250119,0.150923366,0.173562785,0.235856898,0.084961999,0.132401665,0.148130697,0.08673796,0.138729053,0.119323195,0.223529356,0.34948608,0.078269929,0.206631029,0.198235793,0.189061676,0.199493897,0.093728026,0.113439136,0.236067829,0.115931861,0.126921257,0.092401369,0.273885467,0.401135763,0.168301409,0.185526318,0.117607593,0.126081988,0.174742988,0.177729476,0.097511298,0.142709297
ASW_76_05M,0.201377016,0.133103569,0.162252409,0.254912484,0.108226358,0.187425573,0.153255568,0.096964033,0.117002137,0.147615972,0.100424519,0.159800282,0.146414618,0.165830484,0.142079891,0.470780824,0.157286359,0.23576275,0.193762138,0.099597372,0.215698314,0.090268796,0.100458002,0.273260709,0.161912992,0.142146685,0.198734624,0.099678307,0.137519524,0.124027401,0.200768801,0.194202035,0.126078627,0.120426503,0.186245084,0.191008725,0.123781452,0.145323899,1,0.129655726,0.103805939,0.147128838,0.123486217,0.199993401,0.113060857,0.155036881,0.218370982,0.104373986,0.155085638,0.108240757,0.119633085,0.147886698,0.163256393,0.156099976,0.274462425,0.107817585,0.20452858,0.19000871,0.162039346,0.225123447,0.296134742,0.167000201,0.147172943,0.136954547,0.111845381,0.150436666,0.132458124,0.111581012,0.434846576,0.306078665,0.206815849,0.309116076,0.155848043,0.10755677
RED_33_05M,0.216361366,0.254350702,0.176773184,0.056175534,0.469646588,0.097732125,0.127418552,0.294386291,0.188729303,0.095810751,0.488477115,0.112261299,0.569862225,0.147202846,0.099656609,0.125632765,0.148834366,0.070814924,0.107229692,0.416852549,0.102415928,0.36936306,0.442975363,0.078822427,0.31390993,0.206851232,0.112365991,0.167101802,0.089527385,0.130173496,0.082432046,0.169153371,0.170806245,0.23371874,0.164939916,0.093328884,0.150857772,0.098988508,0.129655726,1,0.431687555,0.384335797,0.148853522,0.154470443,0.251919715,0.148318756,0.096816841,0.102923263,0.13600215,0.092578023,0.276847053,0.096669061,0.111127445,0.150785332,0.096649483,0.109160008,0.152513329,0.09627431,0.150452749,0.188498209,0.055406187,0.121817924,0.222435159,0.808829146,0.147173328,0.089292956,0.130360674,0.196954182,0.102522977,0.105061769,0.158138804,0.079403267,0.118847417,0.088632347
ION_36_05M,0.148470839,0.195358973,0.136561517,0.036338604,0.56817764,0.093376992,0.117387899,0.343305367,0.164809485,0.111397334,0.548860321,0.10771132,0.411430129,0.134976807,0.113869946,0.103386056,0.133356863,0.059040478,0.097244281,0.748469589,0.076082691,0.578231978,0.86029272,0.070338615,0.190894738,0.194120743,0.107975114,0.25321836,0.107704619,0.156206762,0.066898781,0.16021964,0.153421828,0.186370999,0.12897334,0.084823469,0.165889065,0.101442069,0.103805939,0.431687555,1,0.233677749,0.205104267,0.147581122,0.287968872,0.136216415,0.084642012,0.140317939,0.134358937,0.110859721,0.227541964,0.106459779,0.119199057,0.138191039,0.073537969,0.161480125,0.14180348,0.107203638,0.141792884,0.173173303,0.038669107,0.118671812,0.184909987,0.492220741,0.157767974,0.10384571,0.179889671,0.193242985,0.074509428,0.083091342,0.142033661,0.067750281,0.110997621,0.105442691
RED_32_05M,0.439609667,0.314140695,0.284431728,0.141828737,0.235645453,0.158451676,0.115809346,0.269363325,0.290412923,0.092536247,0.27186495,0.090962733,0.248513073,0.121695973,0.094504185,0.138471505,0.126751959,0.147887292,0.108459815,0.244590251,0.191204463,0.260926702,0.232477112,0.156408472,0.652048694,0.320238795,0.118554193,0.146218301,0.111331935,0.17612516,0.192801268,0.138961022,0.272220288,0.326402551,0.228931212,0.159757631,0.192638545,0.118250119,0.147128838,0.384335797,0.233677749,1,0.1097269,0.119100129,0.216293327,0.125839167,0.108778808,0.088565402,0.118478596,0.083168398,0.341433652,0.079343315,0.104876678,0.126417536,0.179465661,0.107373168,0.127810629,0.097975157,0.121625103,0.153460521,0.123769959,0.10228582,0.332442779,0.300355801,0.199519148,0.096242022,0.095257327,0.280187752,0.157317564,0.217072809,0.126344538,0.164291661,0.10859965,0.079716892
PSE_102_05M,0.111408195,0.091449673,0.094898186,0.099032513,0.219126019,0.097333058,0.128751392,0.141638323,0.107922817,0.188955097,0.158955978,0.239064515,0.157532282,0.104869737,0.1942221,0.122792857,0.10971348,0.124444684,0.127576605,0.194061392,0.097098596,0.176217386,0.208337953,0.118655551,0.111804615,0.089046726,0.139202726,0.613308082,0.157483785,0.136956729,0.085710896,0.174487878,0.098649036,0.101690569,0.123436898,0.095122571,0.144195742,0.150923366,0.123486217,0.148853522,0.205104267,0.1097269,1,0.155351174,0.153963549,0.112465202,0.146275044,0.603967392,0.150117991,0.403843387,0.098425664,0.267093107,0.168065295,0.107694977,0.09183449,0.558298347,0.141888237,0.285832781,0.160170408,0.196921296,0.107197692,0.181311126,0.084482044,0.167758538,0.145492212,0.176788208,0.96262243,0.113942642,0.103787341,0.096000515,0.147981514,0.111711871,0.130051522,0.349620322
ANE_152_05M,0.141808143,0.10483672,0.096496853,0.121543134,0.152903713,0.129536752,0.117352694,0.115915604,0.091723313,0.286031382,0.138253776,0.248758301,0.172951027,0.129864223,0.306345287,0.222314312,0.117389626,0.109033898,0.307426467,0.140837785,0.112239743,0.125183011,0.145957674,0.140027309,0.121462487,0.103469913,0.274038704,0.116323323,0.195025459,0.124489258,0.093461968,0.282108878,0.096162346,0.094886301,0.17815714,0.136810181,0.130838112,0.173562785,0.199993401,0.154470443,0.147581122,0.119100129,0.155351174,1,0.162366464,0.128050606,0.134654671,0.1149854,0.137418577,0.118544217,0.105071961,0.254469577,0.376398069,0.127486509,0.129413501,0.11365679,0.415102718,0.222716845,0.15421799,0.301052224,0.163724163,0.227819148,0.10335541,0.167756658,0.120128522,0.319761484,0.186302958,0.103262789,0.168624982,0.11734866,0.397249936,0.124099704,0.105588185,0.135607001
ANW_145_05M,0.181255919,0.22924165,0.194197675,0.104374118,0.285574209,0.217754169,0.099469854,0.336321796,0.240484641,0.205984921,0.283675514,0.106032624,0.264037307,0.107531995,0.204849536,0.115770463,0.108134527,0.118780581,0.173898761,0.29552667,0.150747583,0.323257705,0.284088853,0.164854588,0.202321622,0.22417894,0.176270709,0.191686469,0.247648692,0.300331841,0.156012675,0.13597619,0.230846915,0.239557301,0.184010006,0.212099251,0.271054422,0.235856898,0.113060857,0.251919715,0.287968872,0.216293327,0.153963549,0.162366464,1,0.109602119,0.109702629,0.118992199,0.102086686,0.100102452,0.244415231,0.145123131,0.186041077,0.108945658,0.141996795,0.166008873,0.159342476,0.131398941,0.109593927,0.166593525,0.10734095,0.107854627,0.225154494,0.255482258,0.300809074,0.192095319,0.161729809,0.255441539,0.097521122,0.122677769,0.153885916,0.131376063,0.098012131,0.104091625
PSW_123_05M,0.139922704,0.118158766,0.114462236,0.109741566,0.140281427,0.096102867,0.52936692,0.118727301,0.099305514,0.087946092,0.137277478,0.186037931,0.160435326,0.793066796,0.086940306,0.154410458,0.807489832,0.136903366,0.107966685,0.134615118,0.109435113,0.120635111,0.140364349,0.10125366,0.12817032,0.114365623,0.116274386,0.11345323,0.086127745,0.094940747,0.102575825,0.199613263,0.101191622,0.109018686,0.123122922,0.100384043,0.096252261,0.084961999,0.155036881,0.148318756,0.136216415,0.125839167,0.112465202,0.128050606,0.109602119,1,0.298467635,0.140396026,0.417190887,0.181362592,0.122307216,0.123527399,0.096278611,0.845974556,0.118273047,0.103473488,0.127200401,0.129873268,0.364731153,0.137218346,0.121162807,0.251399855,0.114547029,0.154545305,0.101706087,0.090559289,0.111294693,0.106346002,0.145341692,0.120421798,0.128671243,0.119302584,0.517203513,0.192260758
PON_138_05M,0.148330741,0.123325846,0.161368293,0.235456545,0.09717615,0.165107348,0.379115003,0.095459194,0.115351723,0.122590487,0.080940059,0.228564717,0.107188722,0.287745082,0.125848113,0.217115161,0.280443716,0.301590747,0.154903219,0.080473859,0.178212004,0.082154119,0.086702654,0.184203515,0.121959192,0.136036192,0.158512368,0.176882592,0.130019043,0.119996283,0.177326858,0.199909947,0.120075842,0.113965713,0.150752719,0.160051371,0.12633406,0.132401665,0.218370982,0.096816841,0.084642012,0.108778808,0.146275044,0.134654671,0.109702629,0.298467635,1,0.252347823,0.259311757,0.301378521,0.108151683,0.197312807,0.126117664,0.265991775,0.184219459,0.207247138,0.143847651,0.235507627,0.243976504,0.149888027,0.235124683,0.243389785,0.140182201,0.095922497,0.122152257,0.12893839,0.152091129,0.116455085,0.273518705,0.202222098,0.150281306,0.227017235,0.407867713,0.304238308
PSE_109_30M,0.09639516,0.078909716,0.096823597,0.135073504,0.155723139,0.106107956,0.217894469,0.11395644,0.105426017,0.160947438,0.119602427,0.338580445,0.108873523,0.13020371,0.174418929,0.09687222,0.144217483,0.158422917,0.121984153,0.135006716,0.100728621,0.13533951,0.136684576,0.130946891,0.093234669,0.077777103,0.120609946,0.557454336,0.149456377,0.132776778,0.104350132,0.172206307,0.102270044,0.0862126,0.114417975,0.100076297,0.141415611,0.148130697,0.104373986,0.102923263,0.140317939,0.088565402,0.603967392,0.1149854,0.118992199,0.140396026,0.252347823,1,0.220770914,0.746922362,0.078888796,0.345589289,0.143742345,0.134085336,0.095187901,0.660211568,0.106294295,0.321539406,0.208699661,0.138759245,0.127398518,0.263527846,0.073673551,0.113485827,0.136828403,0.166042877,0.531646551,0.103027915,0.087768926,0.087986627,0.109936077,0.11148386,0.231966943,0.63616468
PSE_111_05M,0.124578166,0.105416932,0.10310486,0.11305181,0.140913779,0.089693467,0.445457066,0.11467589,0.094125142,0.093871819,0.126712541,0.372804141,0.148321422,0.441864684,0.103147088,0.150326342,0.466794176,0.11488313,0.110444923,0.128827311,0.105041637,0.117929104,0.136982274,0.113910795,0.116572829,0.098527109,0.116132503,0.138621004,0.087060354,0.085908471,0.088456151,0.262846385,0.097658333,0.096229927,0.122929628,0.094826214,0.094906525,0.08673796,0.155085638,0.13600215,0.134358937,0.118478596,0.150117991,0.137418577,0.102086686,0.417190887,0.259311757,0.220770914,1,0.305516122,0.108239223,0.198424895,0.094067211,0.429081768,0.107257253,0.15109253,0.124565103,0.184835337,0.798254925,0.146967021,0.127840103,0.467180803,0.101379447,0.144369191,0.090552307,0.110534915,0.152592028,0.097557104,0.132980246,0.107157245,0.127008492,0.116162237,0.438133338,0.324220636
PSE_110_05M,0.091044287,0.076302329,0.091087432,0.151517121,0.120594679,0.106988707,0.300618599,0.103699711,0.093921964,0.154099489,0.095951626,0.426330944,0.093461639,0.17323118,0.166800136,0.105385075,0.187823797,0.160098829,0.125375216,0.107449407,0.109862982,0.111087846,0.110094082,0.127771153,0.085012238,0.072807741,0.119324564,0.373056861,0.140258983,0.124356709,0.111079304,0.189338903,0.096749727,0.083389978,0.117758285,0.101930555,0.130985497,0.138729053,0.108240757,0.092578023,0.110859721,0.083168398,0.403843387,0.118544217,0.100102452,0.181362592,0.301378521,0.746922362,0.305516122,1,0.072438401,0.383903193,0.13047116,0.182461938,0.103744161,0.491500671,0.103164618,0.333259539,0.277381206,0.119905043,0.145192268,0.357282184,0.063901195,0.095937082,0.129042264,0.17321632,0.382938758,0.092291526,0.09181271,0.084650097,0.104879321,0.112476732,0.319333735,0.858555444
IOS_62_05M,0.239481576,0.516678725,0.414715173,0.131680499,0.254507167,0.171037793,0.112564634,0.314828986,0.396458164,0.087131554,0.309672795,0.071370937,0.270380899,0.120759766,0.083359717,0.112028436,0.120902233,0.15705823,0.098654517,0.258468412,0.219703747,0.280926994,0.234052859,0.141718935,0.317348064,0.408853781,0.101308347,0.141073755,0.1146351,0.192181831,0.229034723,0.127162864,0.384866295,0.507923662,0.162607699,0.162178081,0.236993914,0.119323195,0.119633085,0.276847053,0.227541964,0.341433652,0.098425664,0.105071961,0.244415231,0.122307216,0.108151683,0.078888796,0.108239223,0.072438401,1,0.068546031,0.086235065,0.118446083,0.167951437,0.110885968,0.105499967,0.083761382,0.113942844,0.131117429,0.097562358,0.086985893,0.435458118,0.246965658,0.260251226,0.071404843,0.094170812,0.33984148,0.133584106,0.215717368,0.108529049,0.153607495,0.107141055,0.072216856
PON_138_60M,0.100275695,0.07287064,0.079580913,0.18718484,0.112347068,0.156260992,0.181259117,0.10794314,0.097948983,0.270594802,0.091047304,0.435979709,0.110466558,0.120502816,0.293999624,0.136016315,0.119228335,0.153703763,0.251857439,0.098992929,0.133938214,0.103544192,0.103279079,0.167701946,0.07870549,0.065247907,0.235361864,0.23102273,0.233703175,0.165346252,0.124542938,0.178108558,0.100108089,0.076702848,0.236211409,0.163493734,0.15232431,0.223529356,0.147886698,0.096669061,0.106459779,0.079343315,0.267093107,0.254469577,0.145123131,0.123527399,0.197312807,0.345589289,0.198424895,0.383903193,0.068546031,1,0.21997984,0.12051788,0.130097248,0.295984546,0.19289278,0.349447415,0.18702497,0.192154018,0.236314806,0.345072907,0.062242946,0.105293866,0.156686553,0.334866837,0.305521369,0.101206615,0.110041099,0.081975383,0.179874658,0.120498922,0.177954558,0.402068234
ANE_004_05M,0.128063133,0.078824195,0.091314067,0.147361611,0.119017106,0.155085913,0.093367019,0.121217926,0.10102116,0.544892874,0.108318495,0.154552022,0.121988641,0.093118621,0.521242503,0.191630338,0.089678953,0.138513166,0.374152959,0.119912013,0.122828825,0.119793681,0.118597105,0.182124655,0.102614784,0.085470669,0.355270565,0.154227398,0.385387041,0.186703804,0.117227787,0.246500273,0.107954269,0.090219147,0.168899019,0.168387179,0.182284916,0.34948608,0.163256393,0.111127445,0.119199057,0.104876678,0.168065295,0.376398069,0.186041077,0.096278611,0.126117664,0.143742345,0.094067211,0.13047116,0.086235065,0.21997984,1,0.089298879,0.123094046,0.167661624,0.45866868,0.217936223,0.103000531,0.165973646,0.170009832,0.129735283,0.092146714,0.117981952,0.174894574,0.541609852,0.188096258,0.118407143,0.123739888,0.103366922,0.426930217,0.127689838,0.089359401,0.127341453
PSW_125_05M,0.132379774,0.113042613,0.116701945,0.112674747,0.141700165,0.092135915,0.538108458,0.11685576,0.101177585,0.079806566,0.136935904,0.175981171,0.161334053,0.864507703,0.084305088,0.153688009,0.944736932,0.120782581,0.100743744,0.134412221,0.112472011,0.123135423,0.139267443,0.10418736,0.125746111,0.108966542,0.107088059,0.105682953,0.078179619,0.088738015,0.098990929,0.185324275,0.10323992,0.110076565,0.12134902,0.096651795,0.096452952,0.078269929,0.156099976,0.150785332,0.138191039,0.126417536,0.107694977,0.127486509,0.108945658,0.845974556,0.265991775,0.134085336,0.429081768,0.182461938,0.118446083,0.12051788,0.089298879,1,0.11957579,0.101874428,0.121393971,0.12058847,0.362661075,0.133873058,0.116303019,0.245623853,0.110918178,0.157849257,0.095662215,0.091019698,0.102531125,0.108815505,0.13895474,0.117363989,0.127649379,0.114140599,0.533237665,0.19387226
ANW_142_05M,0.245015584,0.188885216,0.239174472,0.36276015,0.080685663,0.418687927,0.123070637,0.133910924,0.21836834,0.133787079,0.086039246,0.108315571,0.111719499,0.117946677,0.12696735,0.27942339,0.116046213,0.312178716,0.167378312,0.079575987,0.327436048,0.101331491,0.073053702,0.326307232,0.203865072,0.219534116,0.156675357,0.097921024,0.188900799,0.243353979,0.361711468,0.118633804,0.220473689,0.197818919,0.21989599,0.419733861,0.180220506,0.206631029,0.274462425,0.096649483,0.073537969,0.179465661,0.09183449,0.129413501,0.141996795,0.118273047,0.184219459,0.095187901,0.107257253,0.103744161,0.167951437,0.130097248,0.123094046,0.11957579,1,0.118764476,0.131510635,0.146658722,0.115085726,0.147200239,0.333009805,0.112056981,0.223534358,0.088684697,0.176083017,0.128011967,0.098031273,0.205506106,0.347042174,0.364603155,0.138093047,0.375030927,0.136235516,0.107813649
PON_137_05M,0.117298721,0.113323713,0.124951275,0.15450122,0.17155671,0.146292817,0.159619769,0.160172354,0.14851613,0.192265177,0.133956673,0.228926583,0.113763447,0.103320025,0.199296369,0.098344557,0.104748031,0.195444964,0.139474284,0.15592047,0.13322571,0.16911499,0.154954742,0.153621124,0.116712068,0.113614503,0.13859751,0.653167184,0.203668305,0.197460367,0.140878796,0.127591905,0.142840154,0.123193915,0.137086526,0.132335739,0.186588046,0.198235793,0.107817585,0.109160008,0.161480125,0.107373168,0.558298347,0.11365679,0.166008873,0.103473488,0.207247138,0.660211568,0.15109253,0.491500671,0.110885968,0.295984546,0.167661624,0.101874428,0.118764476,1,0.112229685,0.297178317,0.148065095,0.127072513,0.14162126,0.181872497,0.109744212,0.11273049,0.198617487,0.18785337,0.487743319,0.151072676,0.098177861,0.112392052,0.115348213,0.145128752,0.167707365,0.428235438
MED_18_05M,0.146013113,0.103281134,0.104101611,0.118128695,0.146883614,0.129081074,0.113907325,0.11564741,0.091255196,0.27521688,0.13572226,0.177888134,0.172562228,0.119648113,0.286003971,0.218378747,0.110167866,0.115665354,0.294625817,0.140547623,0.125908558,0.121548053,0.145301925,0.149460739,0.124979196,0.103231891,0.282507479,0.119423065,0.199690419,0.12218856,0.095189946,0.301787361,0.096965871,0.101200746,0.170201776,0.140093467,0.134088092,0.189061676,0.20452858,0.152513329,0.14180348,0.127810629,0.141888237,0.415102718,0.159342476,0.127200401,0.143847651,0.106294295,0.124565103,0.103164618,0.105499967,0.19289278,0.45866868,0.121393971,0.131510635,0.112229685,1,0.204196642,0.141235426,0.234992677,0.156288261,0.172660925,0.10312228,0.160846089,0.124712229,0.288879069,0.163482525,0.097756181,0.166745961,0.11961488,0.803064327,0.135331746,0.108644049,0.108201914
ASE_70_05M,0.12337039,0.092082247,0.104508862,0.191063415,0.112141498,0.1548389,0.162479276,0.102934799,0.100320626,0.244039276,0.092335277,0.304078515,0.111595126,0.124183773,0.250239852,0.188095169,0.119387581,0.18208683,0.238344359,0.100699102,0.139466526,0.100900791,0.097728918,0.18912928,0.099263822,0.094925383,0.22727508,0.242775581,0.201893724,0.153176956,0.133236323,0.209141374,0.104949655,0.090221573,0.180277299,0.154606687,0.156511497,0.199493897,0.19000871,0.09627431,0.107203638,0.097975157,0.285832781,0.222716845,0.131398941,0.129873268,0.235507627,0.321539406,0.184835337,0.333259539,0.083761382,0.349447415,0.217936223,0.12058847,0.146658722,0.297178317,0.204196642,1,0.174659862,0.192951514,0.229478317,0.260171694,0.095019401,0.103774693,0.144526174,0.251074916,0.304771034,0.096523262,0.16171289,0.123577248,0.199197192,0.173316706,0.17886386,0.317439638
PSE_100_05M,0.12962062,0.111569221,0.112369492,0.113826324,0.150181421,0.094489429,0.414172045,0.115250777,0.099341652,0.099009315,0.137415215,0.330368579,0.16071258,0.390207848,0.109655272,0.16661612,0.387828533,0.124104027,0.122356053,0.13611492,0.113613204,0.124322101,0.144616602,0.106896962,0.121628618,0.104361749,0.12241374,0.140641159,0.091531068,0.093198816,0.095289574,0.264872152,0.096764157,0.101963276,0.128835485,0.102657117,0.096497478,0.093728026,0.162039346,0.150452749,0.141792884,0.121625103,0.160170408,0.15421799,0.109593927,0.364731153,0.243976504,0.208699661,0.798254925,0.277381206,0.113942844,0.18702497,0.103000531,0.362661075,0.115085726,0.148065095,0.141235426,0.174659862,1,0.169058872,0.122488908,0.398930068,0.108530698,0.159200355,0.093671005,0.11592641,0.161261436,0.099019384,0.145881248,0.113732664,0.142123521,0.118849426,0.391273814,0.302682708
PSE_93_05M,0.170509164,0.130372424,0.128134129,0.12651004,0.180505647,0.120101611,0.113602948,0.124798745,0.110782747,0.145635789,0.162903448,0.208222559,0.207565669,0.141354139,0.147050802,0.227392055,0.129235859,0.125499141,0.184819201,0.166196238,0.12816534,0.14450543,0.174629894,0.132053989,0.155371908,0.133854686,0.193633444,0.137465116,0.117449377,0.108707339,0.103324155,0.250035189,0.113014887,0.121874125,0.173125287,0.123274204,0.127597638,0.113439136,0.225123447,0.188498209,0.173173303,0.153460521,0.196921296,0.301052224,0.166593525,0.137218346,0.149888027,0.138759245,0.146967021,0.119905043,0.131117429,0.192154018,0.165973646,0.133873058,0.147200239,0.127072513,0.234992677,0.192951514,0.169058872,1,0.141483831,0.185040969,0.132872114,0.197542823,0.118147015,0.157395822,0.219390909,0.118865567,0.199674411,0.160448128,0.236486202,0.149482903,0.114191183,0.129288978
ASW_72_100M,0.189952405,0.133269076,0.178345992,0.504111736,0.049922396,0.298059208,0.144515575,0.084296006,0.153660031,0.185154878,0.04561627,0.172732738,0.068239535,0.121177059,0.186847564,0.280915583,0.115009251,0.337639282,0.255710852,0.041489487,0.310567881,0.050175195,0.035823563,0.360855614,0.143957174,0.134853069,0.236327237,0.099482973,0.224012107,0.220736283,0.32272728,0.131757587,0.169727593,0.126826565,0.259608981,0.308750787,0.173646236,0.236067829,0.296134742,0.055406187,0.038669107,0.123769959,0.107197692,0.163724163,0.10734095,0.121162807,0.235124683,0.127398518,0.127840103,0.145192268,0.097562358,0.236314806,0.170009832,0.116303019,0.333009805,0.14162126,0.156288261,0.229478317,0.122488908,0.141483831,1,0.165002738,0.13924668,0.054914241,0.170939358,0.2319813,0.118263973,0.146491266,0.325021917,0.293449783,0.151628491,0.387657336,0.157747092,0.152760662
PSE_111_90M,0.118539676,0.08781153,0.090207162,0.126223418,0.124510401,0.114070617,0.284108448,0.100313822,0.080634772,0.139136695,0.107389295,0.725122912,0.135838361,0.249858175,0.165883141,0.151422216,0.24138781,0.123883977,0.17833982,0.114977507,0.104378412,0.108983247,0.117681947,0.113490382,0.100000277,0.082254227,0.165597873,0.151821682,0.109899416,0.103963004,0.085805593,0.316540561,0.086753582,0.082423751,0.161425285,0.116860555,0.103475193,0.115931861,0.167000201,0.121817924,0.118671812,0.10228582,0.181311126,0.227819148,0.107854627,0.251399855,0.243389785,0.263527846,0.467180803,0.357282184,0.086985893,0.345072907,0.129735283,0.245623853,0.112056981,0.181872497,0.172660925,0.260171694,0.398930068,0.185040969,0.165002738,1,0.082083018,0.128770949,0.097740991,0.169072205,0.202810543,0.083012452,0.129519489,0.094634961,0.16448283,0.112966767,0.285481235,0.411724835
ION_42_05M,0.265629573,0.418467915,0.400309286,0.17583264,0.197425904,0.211691753,0.106593241,0.291391244,0.361333385,0.083177382,0.254308962,0.067981128,0.202825567,0.118858183,0.078818365,0.142202451,0.118590274,0.226829205,0.107875661,0.203457563,0.238225095,0.237715328,0.181989347,0.177079476,0.332017735,0.54139907,0.112895619,0.126914127,0.115405167,0.201646666,0.266741906,0.121691367,0.346086947,0.393496512,0.172117108,0.209798252,0.220251915,0.126921257,0.147172943,0.222435159,0.184909987,0.332442779,0.084482044,0.10335541,0.225154494,0.114547029,0.140182201,0.073673551,0.101379447,0.063901195,0.435458118,0.062242946,0.092146714,0.110918178,0.223534358,0.109744212,0.10312228,0.095019401,0.108530698,0.132872114,0.13924668,0.082083018,1,0.188808091,0.236798092,0.075894455,0.080766527,0.366791229,0.200686268,0.310270846,0.108172074,0.227323576,0.105513795,0.062149943
RED_34_05M,0.174673899,0.226669458,0.156534237,0.045216763,0.519321448,0.085227319,0.127414555,0.282036215,0.166962601,0.101761333,0.504817275,0.12046336,0.610307557,0.155464201,0.106446941,0.131663845,0.149567157,0.056488861,0.108934572,0.471623837,0.087382451,0.383587764,0.512822987,0.071952641,0.253690803,0.177819454,0.11395691,0.173250492,0.083982231,0.118174135,0.068430634,0.174504303,0.145900768,0.202405114,0.147980119,0.08215492,0.139321488,0.092401369,0.136954547,0.808829146,0.492220741,0.300355801,0.167758538,0.167756658,0.255482258,0.154545305,0.095922497,0.113485827,0.144369191,0.095937082,0.246965658,0.105293866,0.117981952,0.157849257,0.088684697,0.11273049,0.160846089,0.103774693,0.159200355,0.197542823,0.054914241,0.128770949,0.188808091,1,0.131146898,0.100276504,0.148619833,0.170168956,0.102322849,0.092030172,0.16587881,0.072327848,0.120216019,0.09735124
ASE_66_05M,0.185144623,0.230595002,0.229228258,0.187975934,0.153953067,0.267935238,0.106388232,0.282516745,0.355790268,0.204369341,0.172164435,0.100799921,0.134697473,0.093502482,0.198587653,0.104545563,0.094192849,0.190593571,0.214337159,0.169578274,0.233036492,0.225997428,0.152081722,0.228549427,0.195290965,0.222251561,0.207836725,0.195368351,0.286049821,0.337117128,0.262894091,0.106859212,0.33254884,0.275530783,0.211064499,0.253127226,0.448747991,0.273885467,0.111845381,0.147173328,0.157767974,0.199519148,0.145492212,0.120128522,0.300809074,0.101706087,0.122152257,0.136828403,0.090552307,0.129042264,0.260251226,0.156686553,0.174894574,0.095662215,0.176083017,0.198617487,0.124712229,0.144526174,0.093671005,0.118147015,0.170939358,0.097740991,0.236798092,0.131146898,1,0.203667565,0.147890336,0.341317254,0.104624166,0.14327987,0.122824854,0.181725644,0.105438465,0.128446037
ANE_004_40M,0.111576957,0.071190003,0.076433133,0.174895789,0.107558727,0.179840898,0.108527748,0.117674853,0.10332068,0.573287667,0.09078701,0.214735431,0.105994314,0.092969409,0.593170889,0.143150148,0.086287884,0.138829758,0.384570748,0.100245942,0.143809587,0.111602351,0.103845911,0.210335624,0.09086004,0.069780081,0.350743138,0.161063818,0.450040623,0.222362768,0.129517824,0.143591212,0.112028752,0.081396917,0.203182173,0.196481612,0.206973264,0.401135763,0.150436666,0.089292956,0.10384571,0.096242022,0.176788208,0.319761484,0.192095319,0.090559289,0.12893839,0.166042877,0.110534915,0.17321632,0.071404843,0.334866837,0.541609852,0.091019698,0.128011967,0.18785337,0.288879069,0.251074916,0.11592641,0.157395822,0.2319813,0.169072205,0.075894455,0.100276504,0.203667565,1,0.210712992,0.119906827,0.107819184,0.087858339,0.276850216,0.121893169,0.108810475,0.178845019
PSE_102_40M,0.108494473,0.086990848,0.092731312,0.097535305,0.188637868,0.102108252,0.121532911,0.125227617,0.101895188,0.219998607,0.141359583,0.271131427,0.140378374,0.100045504,0.228143498,0.131152149,0.106477414,0.128219778,0.154315042,0.172542287,0.106952324,0.158547344,0.18226266,0.132317189,0.100071105,0.083182786,0.158610685,0.495702147,0.177264194,0.133087892,0.091424799,0.176240143,0.099232902,0.093851676,0.13426527,0.103780532,0.14651863,0.168301409,0.132458124,0.130360674,0.179889671,0.095257327,0.96262243,0.186302958,0.161729809,0.111294693,0.152091129,0.531646551,0.152592028,0.382938758,0.094170812,0.305521369,0.188096258,0.102531125,0.098031273,0.487743319,0.163482525,0.304771034,0.161261436,0.219390909,0.118263973,0.202810543,0.080766527,0.148619833,0.147890336,0.210712992,1,0.104005716,0.104195224,0.096587141,0.159525317,0.11633854,0.127432628,0.351499672
ION_42_80M,0.247128996,0.291685636,0.281164781,0.187384176,0.187870266,0.254622115,0.108675153,0.372975197,0.395849256,0.125986831,0.24160592,0.077663266,0.166620241,0.108918985,0.117042656,0.096607177,0.110241949,0.183481036,0.143079727,0.212446514,0.243979586,0.287346311,0.192284386,0.183509113,0.279601833,0.3570187,0.141259852,0.168440159,0.188173481,0.299767602,0.282753278,0.104777577,0.380677421,0.34661374,0.22519381,0.231124096,0.302947413,0.185526318,0.111581012,0.196954182,0.193242985,0.280187752,0.113942642,0.103262789,0.255441539,0.106346002,0.116455085,0.103027915,0.097557104,0.092291526,0.33984148,0.101206615,0.118407143,0.108815505,0.205506106,0.151072676,0.097756181,0.096523262,0.099019384,0.118865567,0.146491266,0.083012452,0.366791229,0.170168956,0.341317254,0.119906827,0.104005716,1,0.124923351,0.211408972,0.103651276,0.177701585,0.109736434,0.089873084
ION_48_05M,0.222717143,0.171422902,0.238502268,0.340446915,0.090761622,0.196141285,0.138460359,0.08366005,0.126410519,0.101572734,0.084063388,0.129189024,0.119419844,0.150336452,0.097653075,0.525616167,0.139658909,0.391882164,0.149779643,0.07591886,0.279464523,0.075362035,0.075021987,0.268961448,0.193298792,0.203874712,0.161892635,0.090248617,0.105824453,0.110646733,0.270111549,0.171592173,0.140014902,0.14345502,0.168849531,0.200217151,0.118542749,0.117607593,0.434846576,0.102522977,0.074509428,0.157317564,0.103787341,0.168624982,0.097521122,0.145341692,0.273518705,0.087768926,0.132980246,0.09181271,0.133584106,0.110041099,0.123739888,0.13895474,0.347042174,0.098177861,0.166745961,0.16171289,0.145881248,0.199674411,0.325021917,0.129519489,0.200686268,0.102322849,0.104624166,0.107819184,0.104195224,0.124923351,1,0.611368874,0.171082725,0.452563022,0.146059564,0.094148899
ION_45_05M,0.274854129,0.258607482,0.34204176,0.348060001,0.094169915,0.234620695,0.124076146,0.126366024,0.207829982,0.089404549,0.102532187,0.090123551,0.112606634,0.128687647,0.08003945,0.353743604,0.125510571,0.417680023,0.121480458,0.093296412,0.331507123,0.101116047,0.083092737,0.289411543,0.251288877,0.317732229,0.129928221,0.106733446,0.114934289,0.150202588,0.357757248,0.133350942,0.219640323,0.236622252,0.176342268,0.225756306,0.147864742,0.126081988,0.306078665,0.105061769,0.083091342,0.217072809,0.096000515,0.11734866,0.122677769,0.120421798,0.202222098,0.087986627,0.107157245,0.084650097,0.215717368,0.081975383,0.103366922,0.117363989,0.364603155,0.112392052,0.11961488,0.123577248,0.113732664,0.160448128,0.293449783,0.094634961,0.310270846,0.092030172,0.14327987,0.087858339,0.096587141,0.211408972,0.611368874,1,0.133384004,0.46582678,0.132264013,0.085047623
MED_18_60M,0.142401929,0.107616916,0.110217831,0.122899017,0.15242847,0.127685339,0.116813259,0.123112748,0.09420564,0.258898181,0.142515561,0.170407666,0.180055366,0.128502616,0.263330664,0.220729318,0.117792437,0.122962075,0.273912378,0.137686433,0.122556179,0.127044941,0.146724482,0.145913918,0.128017034,0.110420118,0.268279537,0.12382671,0.182022563,0.123051623,0.096720753,0.301811192,0.09924861,0.098636207,0.16902487,0.136942317,0.127227897,0.174742988,0.206815849,0.158138804,0.142033661,0.126344538,0.147981514,0.397249936,0.153885916,0.128671243,0.150281306,0.109936077,0.127008492,0.104879321,0.108529049,0.179874658,0.426930217,0.127649379,0.138093047,0.115348213,0.803064327,0.199197192,0.142123521,0.236486202,0.151628491,0.16448283,0.108172074,0.16587881,0.122824854,0.276850216,0.159525317,0.103651276,0.171082725,0.133384004,1,0.137405,0.111914115,0.103131969
ASW_72_05M,0.243719047,0.184972202,0.25921714,0.393817791,0.077315383,0.27620204,0.128921399,0.116071468,0.186878784,0.124650542,0.071005129,0.114370572,0.086957501,0.121343703,0.116439673,0.30913428,0.113184275,0.389720574,0.167110153,0.073623921,0.326612659,0.083073981,0.06615065,0.347651043,0.201380872,0.224446056,0.171890613,0.105604159,0.162729821,0.189437592,0.359198231,0.130579669,0.196667062,0.179753411,0.184986254,0.272800861,0.177065179,0.177729476,0.309116076,0.079403267,0.067750281,0.164291661,0.111711871,0.124099704,0.131376063,0.119302584,0.227017235,0.11148386,0.116162237,0.112476732,0.153607495,0.120498922,0.127689838,0.114140599,0.375030927,0.145128752,0.135331746,0.173316706,0.118849426,0.149482903,0.387657336,0.112966767,0.227323576,0.072327848,0.181725644,0.121893169,0.11633854,0.177701585,0.452563022,0.46582678,0.137405,1,0.142332882,0.108361642
PSW_128_40M,0.126796797,0.107040501,0.12258216,0.160552284,0.116965437,0.116936034,0.752934487,0.111531124,0.103914841,0.091556543,0.11062004,0.234791569,0.130884932,0.525286917,0.093556397,0.143158354,0.552587306,0.177744058,0.111886988,0.108521385,0.13549206,0.101580651,0.110174514,0.124486317,0.115600169,0.103777988,0.118359465,0.148727339,0.095154134,0.101798645,0.128718946,0.175605405,0.107768457,0.105617082,0.129898211,0.117935076,0.103009552,0.097511298,0.155848043,0.118847417,0.110997621,0.10859965,0.130051522,0.105588185,0.098012131,0.517203513,0.407867713,0.231966943,0.438133338,0.319333735,0.107141055,0.177954558,0.089359401,0.533237665,0.136235516,0.167707365,0.108644049,0.17886386,0.391273814,0.114191183,0.157747092,0.285481235,0.105513795,0.120216019,0.105438465,0.108810475,0.127432628,0.109736434,0.146059564,0.132264013,0.111914115,0.142332882,1,0.336856084
PSE_110_50M,0.088679459,0.076987177,0.085960143,0.149499875,0.115668672,0.113514207,0.319887467,0.099849372,0.091851716,0.157299592,0.091723452,0.471210131,0.09635151,0.178293645,0.169535374,0.109774046,0.201945445,0.152948064,0.136981403,0.104577562,0.114400962,0.10213217,0.10470476,0.130451015,0.081974994,0.06755779,0.133847015,0.326234682,0.145829487,0.125331271,0.107953517,0.195523979,0.094299411,0.07918999,0.128209468,0.11291324,0.127272445,0.142709297,0.10755677,0.088632347,0.105442691,0.079716892,0.349620322,0.135607001,0.104091625,0.192260758,0.304238308,0.63616468,0.324220636,0.858555444,0.072216856,0.402068234,0.127341453,0.19387226,0.107813649,0.428235438,0.108201914,0.317439638,0.302682708,0.129288978,0.152760662,0.411724835,0.062149943,0.09735124,0.128446037,0.178845019,0.351499672,0.089873084,0.094148899,0.085047623,0.103131969,0.108361642,0.336856084,1
