biosample	run	bioproject	custom_sample_name
SAMN07137079	SRR5720233	PRJNA385855	BATS_SAMN07137079_1_2003-02-21
SAMN07137080	SRR5720232	PRJNA385855	BATS_SAMN07137080_40_2003-02-21
SAMN07137082	SRR5720238	PRJNA385855	BATS_SAMN07137082_1_2003-03-22
SAMN07137083	SRR5720237	PRJNA385855	BATS_SAMN07137083_80_2003-03-22
SAMN07137064	SRR5720327	PRJNA385855	BATS_SAMN07137064_10_2003-04-22
SAMN07137065	SRR5720326	PRJNA385855	BATS_SAMN07137065_80_2003-04-22
SAMN07137103	SRR5720283	PRJNA385855	BATS_SAMN07137103_1_2003-05-20
SAMN07137104	SRR5720282	PRJNA385855	BATS_SAMN07137104_100_2003-05-20
SAMN07137085	SRR5720235	PRJNA385855	BATS_SAMN07137085_10_2003-07-15
SAMN07137088	SRR5720286	PRJNA385855	BATS_SAMN07137088_10_2003-08-12
SAMN07137089	SRR5720285	PRJNA385855	BATS_SAMN07137089_100_2003-08-12
SAMN07137067	SRR5720332	PRJNA385855	BATS_SAMN07137067_1_2003-10-07
SAMN07137068	SRR5720340	PRJNA385855	BATS_SAMN07137068_80_2003-10-07
SAMN07137106	SRR5720276	PRJNA385855	BATS_SAMN07137106_1_2003-11-04
SAMN07137107	SRR5720275	PRJNA385855	BATS_SAMN07137107_80_2003-11-04
SAMN07137109	SRR5720262	PRJNA385855	BATS_SAMN07137109_1_2003-12-02
SAMN07137110	SRR5720263	PRJNA385855	BATS_SAMN07137110_100_2003-12-02
SAMN07137070	SRR5720338	PRJNA385855	BATS_SAMN07137070_1_2004-01-27
SAMN07137071	SRR5720339	PRJNA385855	BATS_SAMN07137071_40_2004-01-27
SAMN07137121	SRR5720322	PRJNA385855	BATS_SAMN07137121_1_2004-02-24
SAMN07137122	SRR5720319	PRJNA385855	BATS_SAMN07137122_40_2004-02-24
SAMN07137073	SRR5720337	PRJNA385855	BATS_SAMN07137073_1_2004-03-23
SAMN07137074	SRR5720334	PRJNA385855	BATS_SAMN07137074_60_2004-03-23
SAMN07137091	SRR5720256	PRJNA385855	BATS_SAMN07137091_1_2004-04-21
SAMN07137092	SRR5720249	PRJNA385855	BATS_SAMN07137092_40_2004-04-21
SAMN07137112	SRR5720257	PRJNA385855	BATS_SAMN07137112_10_2004-05-18
SAMN07137113	SRR5720258	PRJNA385855	BATS_SAMN07137113_80_2004-05-18
SAMN07137115	SRR5720260	PRJNA385855	BATS_SAMN07137115_10_2004-06-15
SAMN07137116	SRR5720253	PRJNA385855	BATS_SAMN07137116_100_2004-06-15
SAMN07137118	SRR5720321	PRJNA385855	BATS_SAMN07137118_1_2004-08-17
SAMN07137094	SRR5720251	PRJNA385855	BATS_SAMN07137094_1_2004-09-14
SAMN07137095	SRR5720252	PRJNA385855	BATS_SAMN07137095_100_2004-09-14
SAMN07137097	SRR5720307	PRJNA385855	BATS_SAMN07137097_1_2004-10-13
SAMN07137098	SRR5720280	PRJNA385855	BATS_SAMN07137098_100_2004-10-13
SAMN07137100	SRR5720278	PRJNA385855	BATS_SAMN07137100_1_2004-11-12
SAMN07137101	SRR5720277	PRJNA385855	BATS_SAMN07137101_80_2004-11-12
SAMN07137076	SRR5720342	PRJNA385855	BATS_SAMN07137076_1_2004-12-08
SAMN07137077	SRR5720343	PRJNA385855	BATS_SAMN07137077_100_2004-12-08
SAMN08390924	SRR6507279	PRJNA385855	BATS_SAMN08390924_10_2009-07-14
SAMN08390925	SRR6507280	PRJNA385855	BATS_SAMN08390925_100_2009-11-07
