biosample	run	bioproject	custom_sample_name
SAMEA3275549	ERR770958	PRJEB8682	OSD_SAMEA3275549_1_2014-06-21
SAMEA3275551	ERR770959	PRJEB8682	OSD_SAMEA3275551_0_2014-06-21
SAMEA3275552	ERR770960	PRJEB8682	OSD_SAMEA3275552_0_2014-06-21
SAMEA3275553	ERR770961	PRJEB8682	OSD_SAMEA3275553_0_2014-06-21
SAMEA3275554	ERR770962	PRJEB8682	OSD_SAMEA3275554_0_2014-06-21
SAMEA3275555	ERR770963	PRJEB8682	OSD_SAMEA3275555_0_2014-06-21
SAMEA3275556	ERR770964	PRJEB8682	OSD_SAMEA3275556_2_2014-06-21
SAMEA3275557	ERR770965	PRJEB8682	OSD_SAMEA3275557_2_2014-06-21
SAMEA3275558	ERR770966	PRJEB8682	OSD_SAMEA3275558_2_2014-06-21
SAMEA3275637	ERR770968	PRJEB8682	OSD_SAMEA3275637_0_2014-06-18
SAMEA3275561	ERR770969	PRJEB8682	OSD_SAMEA3275561_0_2014-06-21
SAMEA3275562	ERR770970	PRJEB8682	OSD_SAMEA3275562_2_2014-06-21
SAMEA3275564	ERR770971	PRJEB8682	OSD_SAMEA3275564_0_2014-06-21
SAMEA3275565	ERR770972	PRJEB8682	OSD_SAMEA3275565_0_2014-06-21
SAMEA3275567	ERR770973	PRJEB8682	OSD_SAMEA3275567_0_2014-06-20
SAMEA3275568	ERR770974	PRJEB8682	OSD_SAMEA3275568_0_2014-06-20
SAMEA3275570	ERR770975	PRJEB8682	OSD_SAMEA3275570_1_2014-06-21
SAMEA3275571	ERR770976	PRJEB8682	OSD_SAMEA3275571_1_2014-06-21
SAMEA3275573	ERR770977	PRJEB8682	OSD_SAMEA3275573_0_2014-07-21
SAMEA3275574	ERR770978	PRJEB8682	OSD_SAMEA3275574_0_2014-06-21
SAMEA3275575	ERR770979	PRJEB8682	OSD_SAMEA3275575_0_2014-06-21
SAMEA3275638	ERR770980	PRJEB8682	OSD_SAMEA3275638_0_2014-06-21
SAMEA3275576	ERR770981	PRJEB8682	OSD_SAMEA3275576_0_2014-06-21
SAMEA3275577	ERR770982	PRJEB8682	OSD_SAMEA3275577_0_2014-06-20
SAMEA3275578	ERR770983	PRJEB8682	OSD_SAMEA3275578_1_2014-06-21
SAMEA3275579	ERR770984	PRJEB8682	OSD_SAMEA3275579_0_2014-06-20
SAMEA3275580	ERR770985	PRJEB8682	OSD_SAMEA3275580_0_2014-06-21
SAMEA3275581	ERR770986	PRJEB8682	OSD_SAMEA3275581_0_2014-06-21
SAMEA3275582	ERR770987	PRJEB8682	OSD_SAMEA3275582_0_2014-06-19
SAMEA3282989	ERR770988	PRJEB8682	OSD_SAMEA3282989_0_2014-06-21
SAMEA3275583	ERR770989	PRJEB8682	OSD_SAMEA3275583_1_2014-06-21
SAMEA3275584	ERR770990	PRJEB8682	OSD_SAMEA3275584_0_2014-06-24
SAMEA3275585	ERR770991	PRJEB8682	OSD_SAMEA3275585_0_2014-06-24
SAMEA3275586	ERR770992	PRJEB8682	OSD_SAMEA3275586_1_2014-06-21
SAMEA3275588	ERR770993	PRJEB8682	OSD_SAMEA3275588_1_2014-06-21
SAMEA3275590	ERR770994	PRJEB8682	OSD_SAMEA3275590_1_2014-06-21
SAMEA3275591	ERR770995	PRJEB8682	OSD_SAMEA3275591_1_2014-06-21
SAMEA3275598	ERR770996	PRJEB8682	OSD_SAMEA3275598_2_2014-06-21
SAMEA3275600	ERR770997	PRJEB8682	OSD_SAMEA3275600_0_2014-06-20
SAMEA3275639	ERR770998	PRJEB8682	OSD_SAMEA3275639_75_2014-06-19
SAMEA3275640	ERR770999	PRJEB8682	OSD_SAMEA3275640_1_2014-06-19
SAMEA3275601	ERR771000	PRJEB8682	OSD_SAMEA3275601_2_2014-06-21
SAMEA3275602	ERR771001	PRJEB8682	OSD_SAMEA3275602_0_2014-06-21
SAMEA3275603	ERR771002	PRJEB8682	OSD_SAMEA3275603_0_2014-06-21
SAMEA3275604	ERR771003	PRJEB8682	OSD_SAMEA3275604_0_2014-06-21
SAMEA3275605	ERR771004	PRJEB8682	OSD_SAMEA3275605_0_2014-06-22
SAMEA3275607	ERR771005	PRJEB8682	OSD_SAMEA3275607_0_2014-06-21
SAMEA3275608	ERR771006	PRJEB8682	OSD_SAMEA3275608_3_2014-06-21
SAMEA3275609	ERR771007	PRJEB8682	OSD_SAMEA3275609_1_2014-06-21
SAMEA3275642	ERR771008	PRJEB8682	OSD_SAMEA3275642_0_2014-06-20
SAMEA3275610	ERR771009	PRJEB8682	OSD_SAMEA3275610_0_2014-06-19
SAMEA3275611	ERR771010	PRJEB8682	OSD_SAMEA3275611_0_2014-06-20
SAMEA3275612	ERR771011	PRJEB8682	OSD_SAMEA3275612_1_2014-06-19
SAMEA3275614	ERR771012	PRJEB8682	OSD_SAMEA3275614_0_2014-06-21
SAMEA3275615	ERR771013	PRJEB8682	OSD_SAMEA3275615_1_2014-06-21
SAMEA3275616	ERR771014	PRJEB8682	OSD_SAMEA3275616_0_2014-06-21
SAMEA3282984	ERR771015	PRJEB8682	OSD_SAMEA3282984_2_2014-06-20
SAMEA3275643	ERR771016	PRJEB8682	OSD_SAMEA3275643_0_2014-06-20
SAMEA3275620	ERR771017	PRJEB8682	OSD_SAMEA3275620_0_2014-06-21
SAMEA3275621	ERR771018	PRJEB8682	OSD_SAMEA3275621_0_2014-06-21
SAMEA3275622	ERR771019	PRJEB8682	OSD_SAMEA3275622_0_2014-06-21
SAMEA3275623	ERR771020	PRJEB8682	OSD_SAMEA3275623_0_2014-06-21
SAMEA3275624	ERR771021	PRJEB8682	OSD_SAMEA3275624_0_2014-06-21
SAMEA3275625	ERR771022	PRJEB8682	OSD_SAMEA3275625_1_2014-06-23
SAMEA3282987	ERR771023	PRJEB8682	OSD_SAMEA3282987_0_2014-06-21
SAMEA3275626	ERR771024	PRJEB8682	OSD_SAMEA3275626_0_2014-06-20
SAMEA3275627	ERR771025	PRJEB8682	OSD_SAMEA3275627_20_2014-06-20
SAMEA3275645	ERR771026	PRJEB8682	OSD_SAMEA3275645_0_2014-06-20
SAMEA3275628	ERR771027	PRJEB8682	OSD_SAMEA3275628_2_2014-06-23
SAMEA3275469	ERR771028	PRJEB8682	OSD_SAMEA3275469_2_2014-06-21
SAMEA3275470	ERR771029	PRJEB8682	OSD_SAMEA3275470_3_2014-06-24
SAMEA3275471	ERR771030	PRJEB8682	OSD_SAMEA3275471_3_2014-06-24
SAMEA3275472	ERR771031	PRJEB8682	OSD_SAMEA3275472_3_2014-06-24
SAMEA3275473	ERR771032	PRJEB8682	OSD_SAMEA3275473_3_2014-06-24
SAMEA3275629	ERR771033	PRJEB8682	OSD_SAMEA3275629_75_2014-06-20
SAMEA3275474	ERR771034	PRJEB8682	OSD_SAMEA3275474_3_2014-06-24
SAMEA3275475	ERR771035	PRJEB8682	OSD_SAMEA3275475_3_2014-06-24
SAMEA3275476	ERR771036	PRJEB8682	OSD_SAMEA3275476_3_2014-06-24
SAMEA3275477	ERR771037	PRJEB8682	OSD_SAMEA3275477_3_2014-06-24
SAMEA3275478	ERR771038	PRJEB8682	OSD_SAMEA3275478_3_2014-06-25
SAMEA3275479	ERR771039	PRJEB8682	OSD_SAMEA3275479_3_2014-06-25
SAMEA3275480	ERR771040	PRJEB8682	OSD_SAMEA3275480_3_2014-06-25
SAMEA3275481	ERR771041	PRJEB8682	OSD_SAMEA3275481_3_2014-06-25
SAMEA3275482	ERR771042	PRJEB8682	OSD_SAMEA3275482_3_2014-06-25
SAMEA3275630	ERR771043	PRJEB8682	OSD_SAMEA3275630_3_2014-06-20
SAMEA3275483	ERR771044	PRJEB8682	OSD_SAMEA3275483_0_2014-06-21
SAMEA3275484	ERR771045	PRJEB8682	OSD_SAMEA3275484_2_2014-06-21
SAMEA3275485	ERR771046	PRJEB8682	OSD_SAMEA3275485_0_2014-06-21
SAMEA3275486	ERR771047	PRJEB8682	OSD_SAMEA3275486_0_2014-06-21
SAMEA3275487	ERR771048	PRJEB8682	OSD_SAMEA3275487_2_2014-06-23
SAMEA3275488	ERR771049	PRJEB8682	OSD_SAMEA3275488_2_2014-06-20
SAMEA3275489	ERR771050	PRJEB8682	OSD_SAMEA3275489_1_2014-06-23
SAMEA3275490	ERR771051	PRJEB8682	OSD_SAMEA3275490_2_2014-06-21
SAMEA3275491	ERR771052	PRJEB8682	OSD_SAMEA3275491_0_2014-06-21
SAMEA3275493	ERR771053	PRJEB8682	OSD_SAMEA3275493_1_2014-06-20
SAMEA3275494	ERR771054	PRJEB8682	OSD_SAMEA3275494_1_2014-06-21
SAMEA3275497	ERR771055	PRJEB8682	OSD_SAMEA3275497_1_2014-06-21
SAMEA3275498	ERR771056	PRJEB8682	OSD_SAMEA3275498_1_2014-06-20
SAMEA3275499	ERR771057	PRJEB8682	OSD_SAMEA3275499_0_2014-06-21
SAMEA3275502	ERR771058	PRJEB8682	OSD_SAMEA3275502_5_2014-06-20
SAMEA3275500	ERR771059	PRJEB8682	OSD_SAMEA3275500_1_2014-06-20
SAMEA3282986	ERR771060	PRJEB8682	OSD_SAMEA3282986_0_2014-06-21
SAMEA3282988	ERR771061	PRJEB8682	OSD_SAMEA3282988_0_2014-06-21
SAMEA3275632	ERR771062	PRJEB8682	OSD_SAMEA3275632_0_2014-06-21
SAMEA3275631	ERR771063	PRJEB8682	OSD_SAMEA3275631_50_2014-06-21
SAMEA3282990	ERR771064	PRJEB8682	OSD_SAMEA3282990_0_2014-06-21
SAMEA3275504	ERR771065	PRJEB8682	OSD_SAMEA3275504_0_2014-06-21
SAMEA3275505	ERR771066	PRJEB8682	OSD_SAMEA3275505_0_2014-06-21
SAMEA3275506	ERR771067	PRJEB8682	OSD_SAMEA3275506_5_2014-06-21
SAMEA3275507	ERR771068	PRJEB8682	OSD_SAMEA3275507_0_2014-06-21
SAMEA3275508	ERR771069	PRJEB8682	OSD_SAMEA3275508_0_2014-06-24
SAMEA3275509	ERR771070	PRJEB8682	OSD_SAMEA3275509_1_2014-06-21
SAMEA3275512	ERR771071	PRJEB8682	OSD_SAMEA3275512_1_2014-06-21
SAMEA3275514	ERR771072	PRJEB8682	OSD_SAMEA3275514_5_2014-06-20
SAMEA3275633	ERR771073	PRJEB8682	OSD_SAMEA3275633_2_2014-06-23
SAMEA3275518	ERR771074	PRJEB8682	OSD_SAMEA3275518_0_2014-06-21
SAMEA3275519	ERR771075	PRJEB8682	OSD_SAMEA3275519_0_2014-06-22
SAMEA3275520	ERR771076	PRJEB8682	OSD_SAMEA3275520_1_2014-06-21
SAMEA3275521	ERR771077	PRJEB8682	OSD_SAMEA3275521_1_2014-06-21
SAMEA3275634	ERR771078	PRJEB8682	OSD_SAMEA3275634_0_2014-06-21
SAMEA3275522	ERR771079	PRJEB8682	OSD_SAMEA3275522_10_2014-06-21
SAMEA3275523	ERR771080	PRJEB8682	OSD_SAMEA3275523_1_2014-06-21
SAMEA3275524	ERR771081	PRJEB8682	OSD_SAMEA3275524_10_2014-06-21
SAMEA3275525	ERR771082	PRJEB8682	OSD_SAMEA3275525_1_2014-06-21
SAMEA3275526	ERR771083	PRJEB8682	OSD_SAMEA3275526_0_2014-06-21
SAMEA3275527	ERR771084	PRJEB8682	OSD_SAMEA3275527_5_2014-06-21
SAMEA3275529	ERR771085	PRJEB8682	OSD_SAMEA3275529_4_2014-06-22
SAMEA3275530	ERR771086	PRJEB8682	OSD_SAMEA3275530_0_2014-06-22
SAMEA3275531	ERR771087	PRJEB8682	OSD_SAMEA3275531_0_2014-06-24
SAMEA3275532	ERR771088	PRJEB8682	OSD_SAMEA3275532_0_2014-06-21
SAMEA3275533	ERR771089	PRJEB8682	OSD_SAMEA3275533_0_2014-06-21
SAMEA3275534	ERR771090	PRJEB8682	OSD_SAMEA3275534_0_2014-06-21
SAMEA3275535	ERR771091	PRJEB8682	OSD_SAMEA3275535_50_2014-06-21
SAMEA3282985	ERR771092	PRJEB8682	OSD_SAMEA3282985_39_2014-06-21
SAMEA3275536	ERR771093	PRJEB8682	OSD_SAMEA3275536_0_2014-06-21
SAMEA3275537	ERR771094	PRJEB8682	OSD_SAMEA3275537_0_2014-06-21
SAMEA3275538	ERR771095	PRJEB8682	OSD_SAMEA3275538_0_2014-06-20
SAMEA3275539	ERR771096	PRJEB8682	OSD_SAMEA3275539_0_2014-06-20
SAMEA3275540	ERR771097	PRJEB8682	OSD_SAMEA3275540_0_2014-06-20
SAMEA3275541	ERR771098	PRJEB8682	OSD_SAMEA3275541_15_2014-06-20
SAMEA3275542	ERR771099	PRJEB8682	OSD_SAMEA3275542_0_2014-06-20
SAMEA3275543	ERR771100	PRJEB8682	OSD_SAMEA3275543_4_2014-06-21
SAMEA3275544	ERR771101	PRJEB8682	OSD_SAMEA3275544_0_2014-06-21
SAMEA3275545	ERR771102	PRJEB8682	OSD_SAMEA3275545_0_2014-06-21
SAMEA3275546	ERR771103	PRJEB8682	OSD_SAMEA3275546_0_2014-06-21
SAMEA3275547	ERR771104	PRJEB8682	OSD_SAMEA3275547_1_2014-06-22
SAMEA3275636	ERR771105	PRJEB8682	OSD_SAMEA3275636_1_2014-06-21
SAMEA3275646	ERR771106	PRJEB8682	OSD_SAMEA3275646_0_2014-06-21
SAMEA3340641	ERR855786	PRJEB8682	OSD_SAMEA3340641_2_2014-06-13
