biosample	run	bioproject	custom_sample_name
SAMEA2591084	ERR315858,ERR315861	PRJEB1787	TARA_SAMEA2591084_5_2009-11-18
SAMEA2591098	ERR315859,ERR315860	PRJEB1787	TARA_SAMEA2591098_55_2009-11-18
SAMEA2591108	ERR315862,ERR315863	PRJEB1787	TARA_SAMEA2591108_5_2009-12-15
SAMEA2591122	ERR318618,ERR318619,ERR318620,ERR318621	PRJEB1787	TARA_SAMEA2591122_70_2009-12-15
SAMEA2623135	ERR598942	PRJEB1787	TARA_SAMEA2623135_45_2011-10-19
SAMEA2622173	ERR598943,ERR598978	PRJEB1787	TARA_SAMEA2622173_5_2011-04-21
SAMEA2621487	ERR598945,ERR599059	PRJEB1787	TARA_SAMEA2621487_5_2011-01-03
SAMEA2620021	ERR598949,ERR599082	PRJEB1787	TARA_SAMEA2620021_25_2010-03-15
SAMEA2619399	ERR598950,ERR599095	PRJEB1787	TARA_SAMEA2619399_40_2009-09-15
SAMEA2619766	ERR598951,ERR599043	PRJEB1787	TARA_SAMEA2619766_5_2009-11-23
SAMEA2622336	ERR598952,ERR599065,ERR599108	PRJEB1787	TARA_SAMEA2622336_30_2011-05-12
SAMEA2622518	ERR598954	PRJEB1787	TARA_SAMEA2622518_5_2011-06-14
SAMEA2619376	ERR598955,ERR599003	PRJEB1787	TARA_SAMEA2619376_5_2009-09-15
SAMEA2619879	ERR598959,ERR598991	PRJEB1787	TARA_SAMEA2619879_5_2010-01-20
SAMEA2622478	ERR598961	PRJEB1787	TARA_SAMEA2622478_90_2011-05-31
SAMEA2622219	ERR598962,ERR599007,ERR599168	PRJEB1787	TARA_SAMEA2622219_40_2011-04-22
SAMEA2623774	ERR598963	PRJEB1787	TARA_SAMEA2623774_5_2012-03-01
SAMEA2621812	ERR598965	PRJEB1787	TARA_SAMEA2621812_35_2011-03-12
SAMEA2619927	ERR598966,ERR599143	PRJEB1787	TARA_SAMEA2619927_5_2010-03-12
SAMEA2621859	ERR598967	PRJEB1787	TARA_SAMEA2621859_5_2011-03-24
SAMEA2623673	ERR598968	PRJEB1787	TARA_SAMEA2623673_5_2012-02-15
SAMEA2619802	ERR598969,ERR599106	PRJEB1787	TARA_SAMEA2619802_5_2010-01-09
SAMEA2620786	ERR598970,ERR599088,ERR599150	PRJEB1787	TARA_SAMEA2620786_5_2010-07-07
SAMEA2620828	ERR598972,ERR599023,ERR599025	PRJEB1787	TARA_SAMEA2620828_65_2010-07-08
SAMEA2620929	ERR598973,ERR599068,ERR599173	PRJEB1787	TARA_SAMEA2620929_5_2010-07-15
SAMEA2619952	ERR598974,ERR599028	PRJEB1787	TARA_SAMEA2619952_17_2010-03-12
SAMEA2619907	ERR598975,ERR599111	PRJEB1787	TARA_SAMEA2619907_60_2010-01-20
SAMEA2623850	ERR598976	PRJEB1787	TARA_SAMEA2623850_5_2012-03-09
SAMEA2620217	ERR598977,ERR599053	PRJEB1787	TARA_SAMEA2620217_60_2010-03-30
SAMEA2620855	ERR598979,ERR599146	PRJEB1787	TARA_SAMEA2620855_5_2010-07-12
SAMEA2620950	ERR598982,ERR599107	PRJEB1787	TARA_SAMEA2620950_30_2010-07-15
SAMEA2623627	ERR598983	PRJEB1787	TARA_SAMEA2623627_5_2012-02-02
SAMEA2621132	ERR598984,ERR599105	PRJEB1787	TARA_SAMEA2621132_5_2010-10-05
SAMEA2623868	ERR598986	PRJEB1787	TARA_SAMEA2623868_80_2012-03-09
SAMEA2623295	ERR598987,ERR599070,ERR599099,ERR599147	PRJEB1787	TARA_SAMEA2623295_40_2011-12-02
SAMEA2623275	ERR598989	PRJEB1787	TARA_SAMEA2623275_5_2011-12-02
SAMEA2620890	ERR598990,ERR599018,ERR599110	PRJEB1787	TARA_SAMEA2620890_30_2010-07-12
SAMEA2622652	ERR598992	PRJEB1787	TARA_SAMEA2622652_5_2011-07-26
SAMEA2619667	ERR598993,ERR599140	PRJEB1787	TARA_SAMEA2619667_5_2009-11-02
SAMEA2620970	ERR598994,ERR599144	PRJEB1787	TARA_SAMEA2620970_5_2010-09-07
SAMEA2623826	ERR598996	PRJEB1787	TARA_SAMEA2623826_40_2012-03-05
SAMEA2622316	ERR598997,ERR599118	PRJEB1787	TARA_SAMEA2622316_5_2011-05-12
SAMEA2623919	ERR599001	PRJEB1787	TARA_SAMEA2623919_82_2012-03-19
SAMEA2620570	ERR599002,ERR599016	PRJEB1787	TARA_SAMEA2620570_75_2010-05-17
SAMEA2621254	ERR599006,ERR599022	PRJEB1787	TARA_SAMEA2621254_5_2010-11-04
SAMEA2621401	ERR599009,ERR599035	PRJEB1787	TARA_SAMEA2621401_5_2010-12-06
SAMEA2621198	ERR599010,ERR599126	PRJEB1787	TARA_SAMEA2621198_5_2010-10-16
SAMEA2620194	ERR599011,ERR599074	PRJEB1787	TARA_SAMEA2620194_5_2010-03-30
SAMEA2620756	ERR599012	PRJEB1787	TARA_SAMEA2620756_5_2010-07-03
SAMEA2620259	ERR599013,ERR599130	PRJEB1787	TARA_SAMEA2620259_80_2010-04-04
SAMEA2622402	ERR599014	PRJEB1787	TARA_SAMEA2622402_50_2011-05-21
SAMEA2621037	ERR599017,ERR599056,ERR599103	PRJEB1787	TARA_SAMEA2621037_50_2010-09-14
SAMEA2620404	ERR599019,ERR599138	PRJEB1787	TARA_SAMEA2620404_5_2010-04-19
SAMEA2622074	ERR599024	PRJEB1787	TARA_SAMEA2622074_5_2011-04-09
SAMEA2620734	ERR599026	PRJEB1787	TARA_SAMEA2620734_66_2010-06-29
SAMEA2621423	ERR599027,ERR599122	PRJEB1787	TARA_SAMEA2621423_40_2010-12-06
SAMEA2623446	ERR599029	PRJEB1787	TARA_SAMEA2623446_5_2011-12-30
SAMEA2623350	ERR599030	PRJEB1787	TARA_SAMEA2623350_5_2011-12-10
SAMEA2622923	ERR599032	PRJEB1787	TARA_SAMEA2622923_40_2011-09-05
SAMEA2622759	ERR599036,ERR599069,ERR599080,ERR599151	PRJEB1787	TARA_SAMEA2622759_5_2011-08-04
SAMEA2622901	ERR599038	PRJEB1787	TARA_SAMEA2622901_5_2011-09-04
SAMEA2622376	ERR599039	PRJEB1787	TARA_SAMEA2622376_5_2011-05-21
SAMEA2619818	ERR599041,ERR599116,ERR599155	PRJEB1787	TARA_SAMEA2619818_5_2010-01-11
SAMEA2620339	ERR599045,ERR599054	PRJEB1787	TARA_SAMEA2620339_5_2010-04-13
SAMEA2619857	ERR599049,ERR599134	PRJEB1787	TARA_SAMEA2619857_5_2010-01-13
SAMEA2621839	ERR599050	PRJEB1787	TARA_SAMEA2621839_5_2011-03-18
SAMEA2623116	ERR599052	PRJEB1787	TARA_SAMEA2623116_5_2011-10-18
SAMEA2620651	ERR599057	PRJEB1787	TARA_SAMEA2620651_5_2010-06-26
SAMEA2620672	ERR599058	PRJEB1787	TARA_SAMEA2620672_5_2010-06-27
SAMEA2619840	ERR599061,ERR599097	PRJEB1787	TARA_SAMEA2619840_80_2010-01-11
SAMEA2622097	ERR599063,ERR599163,ERR599169	PRJEB1787	TARA_SAMEA2622097_5_2011-04-15
SAMEA2621779	ERR599064	PRJEB1787	TARA_SAMEA2621779_5_2011-03-12
SAMEA2622817	ERR599066,ERR599091,ERR599114,ERR599119	PRJEB1787	TARA_SAMEA2622817_5_2011-08-08
SAMEA2619678	ERR599073,ERR599092	PRJEB1787	TARA_SAMEA2619678_60_2009-11-02
SAMEA2620230	ERR599075,ERR599141	PRJEB1787	TARA_SAMEA2620230_5_2010-04-04
SAMEA2622452	ERR599077	PRJEB1787	TARA_SAMEA2622452_5_2011-05-31
SAMEA2623886	ERR599078	PRJEB1787	TARA_SAMEA2623886_5_2012-03-19
SAMEA2622119	ERR599081,ERR599113	PRJEB1787	TARA_SAMEA2622119_50_2011-04-15
SAMEA2623370	ERR599087	PRJEB1787	TARA_SAMEA2623370_60_2011-12-11
SAMEA2621509	ERR599090,ERR599176	PRJEB1787	TARA_SAMEA2621509_5_2011-01-06
SAMEA2621990	ERR599093,ERR599120	PRJEB1787	TARA_SAMEA2621990_5_2011-04-03
SAMEA2619782	ERR599094,ERR599153	PRJEB1787	TARA_SAMEA2619782_50_2009-11-23
SAMEA2620542	ERR599098,ERR599139	PRJEB1787	TARA_SAMEA2620542_5_2010-05-17
SAMEA2620000	ERR599102,ERR599158	PRJEB1787	TARA_SAMEA2620000_5_2010-03-15
SAMEA2621536	ERR599104,ERR599121	PRJEB1787	TARA_SAMEA2621536_90_2011-01-06
SAMEA2623734	ERR599123	PRJEB1787	TARA_SAMEA2623734_5_2012-02-24
SAMEA2621013	ERR599129,ERR599171,ERR599174	PRJEB1787	TARA_SAMEA2621013_5_2010-09-14
SAMEA2621155	ERR599133,ERR599137	PRJEB1787	TARA_SAMEA2621155_100_2010-10-05
SAMEA2621066	ERR599135,ERR599165	PRJEB1787	TARA_SAMEA2621066_5_2010-09-21
SAMEA2623463	ERR599136	PRJEB1787	TARA_SAMEA2623463_5_2012-01-09
SAMEA2623059	ERR599142	PRJEB1787	TARA_SAMEA2623059_5_2011-10-04
SAMEA2620081	ERR599145	PRJEB1787	TARA_SAMEA2620081_25_2010-03-18
SAMEA2622710	ERR599160	PRJEB1787	TARA_SAMEA2622710_5_2011-07-31
SAMEA2623426	ERR599162	PRJEB1787	TARA_SAMEA2623426_5_2011-12-21
SAMEA2623808	ERR599170	PRJEB1787	TARA_SAMEA2623808_5_2012-03-05
